date,grid_id
2023-07-09,CA5K_11558
2023-07-08,CA5K_06042
2023-07-14,CA5K_04541
2023-07-04,CA5K_12961
2023-07-07,CA5K_06356
2023-07-04,CA5K_11572
2023-07-14,CA5K_04850
2023-07-28,CA5K_07225
2023-07-01,CA5K_16745
2023-07-30,CA5K_08061
2023-07-11,CA5K_09720
2023-07-19,CA5K_13796
2023-07-01,CA5K_11467
2023-07-14,CA5K_11647
2023-07-07,CA5K_05908
2023-07-08,CA5K_14357
2023-07-13,CA5K_13538
2023-07-05,CA5K_01258
2023-07-01,CA5K_12882
2023-07-14,CA5K_12964
2023-07-01,CA5K_11910
2023-07-24,CA5K_13150
2023-07-27,CA5K_01904
2023-07-08,CA5K_10350
2023-07-23,CA5K_13342
2023-07-14,CA5K_02588
2023-07-01,CA5K_03780
2023-07-29,CA5K_13439
2023-07-22,CA5K_04190
2023-07-14,CA5K_00347
2023-07-04,CA5K_11663
2023-07-13,CA5K_14690
2023-07-30,CA5K_11749
2023-07-28,CA5K_11999
2023-07-04,CA5K_07040
2023-07-02,CA5K_08062
2023-07-01,CA5K_06887
2023-07-27,CA5K_11186
2023-07-08,CA5K_11469
2023-07-27,CA5K_09227
2023-07-07,CA5K_11733
2023-07-06,CA5K_05605
2023-07-20,CA5K_03176
2023-07-31,CA5K_14689
2023-07-07,CA5K_11575
2023-07-15,CA5K_04463
2023-07-07,CA5K_11194
2023-07-05,CA5K_13055
2023-07-28,CA5K_13150
2023-07-26,CA5K_05135
2023-07-06,CA5K_04598
2023-07-19,CA5K_09018
2023-07-31,CA5K_12177
2023-07-07,CA5K_11469
2023-07-04,CA5K_11284
2023-07-07,CA5K_11557
2023-07-12,CA5K_07198
2023-07-14,CA5K_08920
2023-07-27,CA5K_14151
2023-07-14,CA5K_13345
2023-07-02,CA5K_02994
2023-07-25,CA5K_11098
2023-07-13,CA5K_11912
2023-07-12,CA5K_11396
2023-07-05,CA5K_13632
2023-07-29,CA5K_13053
2023-07-19,CA5K_13055
2023-07-12,CA5K_11475
2023-07-01,CA5K_11187
2023-07-11,CA5K_11559
2023-07-14,CA5K_09815
2023-07-22,CA5K_01009
2023-07-11,CA5K_05911
2023-07-11,CA5K_11575
2023-07-04,CA5K_03140
2023-07-16,CA5K_13152
2023-07-04,CA5K_10802
2023-07-13,CA5K_13056
2023-07-05,CA5K_14690
2023-07-14,CA5K_02472
2023-07-04,CA5K_13053
2023-07-14,CA5K_13443
2023-07-10,CA5K_13795
2023-07-16,CA5K_11557
2023-07-02,CA5K_13150
2023-07-04,CA5K_06082
2023-07-23,CA5K_06225
2023-07-17,CA5K_13632
2023-07-04,CA5K_11558
2023-07-17,CA5K_07385
2023-07-07,CA5K_14690
2023-07-04,CA5K_11573
2023-07-31,CA5K_11826
2023-07-14,CA5K_01056
2023-07-29,CA5K_11284
2023-07-14,CA5K_11558
2023-07-26,CA5K_14770
2023-07-27,CA5K_11736
2023-07-18,CA5K_12612
2023-07-13,CA5K_13055
2023-07-01,CA5K_11485
2023-07-08,CA5K_08936
2023-07-15,CA5K_03312
2023-07-27,CA5K_11912
2023-07-09,CA5K_11284
2023-07-26,CA5K_04595
2023-07-13,CA5K_12179
2023-07-03,CA5K_10476
2023-07-29,CA5K_06156
2023-07-05,CA5K_02385
2023-07-26,CA5K_02687
2023-07-04,CA5K_04450
2023-07-17,CA5K_05496
2023-07-11,CA5K_12265
2023-07-04,CA5K_04190
2023-07-21,CA5K_13150
2023-07-29,CA5K_03744
2023-07-20,CA5K_03325
2023-07-01,CA5K_11575
2023-07-22,CA5K_00298
2023-07-10,CA5K_11914
2023-07-18,CA5K_03923
2023-07-27,CA5K_02473
2023-07-07,CA5K_02108
2023-07-09,CA5K_13626
2023-07-28,CA5K_10209
2023-07-26,CA5K_09520
2023-07-29,CA5K_12958
2023-07-04,CA5K_05483
2023-07-11,CA5K_01168
2023-07-21,CA5K_13726
2023-07-03,CA5K_03731
2023-07-17,CA5K_07194
2023-07-05,CA5K_09520
2023-07-03,CA5K_02693
2023-07-20,CA5K_11558
2023-07-30,CA5K_15005
2023-07-31,CA5K_14689
2023-07-31,CA5K_12611
2023-07-11,CA5K_13050
2023-07-30,CA5K_08832
2023-07-04,CA5K_04541
2023-07-02,CA5K_05905
2023-07-19,CA5K_11469
2023-07-10,CA5K_11748
2023-07-16,CA5K_11574
2023-07-20,CA5K_14770
2023-07-02,CA5K_13629
2023-07-14,CA5K_03731
2023-07-04,CA5K_07210
2023-07-15,CA5K_13153
2023-07-26,CA5K_07935
2023-07-04,CA5K_11826
2023-07-19,CA5K_02601
2023-07-18,CA5K_16848
2023-07-25,CA5K_02594
2023-07-15,CA5K_01481
2023-07-30,CA5K_05473
2023-07-05,CA5K_11836
2023-07-29,CA5K_03863
2023-07-27,CA5K_07380
2023-07-05,CA5K_15005
2023-07-09,CA5K_02698
2023-07-05,CA5K_04053
2023-07-24,CA5K_11660
2023-07-13,CA5K_11378
2023-07-27,CA5K_11652
2023-07-04,CA5K_08061
2023-07-21,CA5K_04186
2023-07-17,CA5K_11574
2023-07-14,CA5K_12876
2023-07-06,CA5K_06064
2023-07-07,CA5K_13055
2023-07-19,CA5K_13055
2023-07-07,CA5K_11575
2023-07-17,CA5K_13051
2023-07-28,CA5K_12355
2023-07-03,CA5K_14847
2023-07-29,CA5K_03611
2023-07-25,CA5K_11187
2023-07-10,CA5K_03917
2023-07-07,CA5K_12694
2023-07-05,CA5K_11470
2023-07-04,CA5K_10998
2023-07-20,CA5K_04966
2023-07-14,CA5K_07054
2023-07-15,CA5K_06886
2023-07-13,CA5K_11186
2023-07-04,CA5K_04541
2023-07-05,CA5K_11295
2023-07-30,CA5K_13240
2023-07-18,CA5K_03923
2023-07-24,CA5K_11197
2023-07-05,CA5K_13150
2023-07-22,CA5K_12693
2023-07-04,CA5K_12523
2023-07-25,CA5K_14849
2023-07-04,CA5K_14849
2023-07-09,CA5K_11735
2023-07-16,CA5K_10901
2023-07-14,CA5K_13056
2023-07-18,CA5K_13726
2023-07-15,CA5K_14524
2023-07-01,CA5K_02992
2023-07-22,CA5K_11575
2023-07-05,CA5K_13623
2023-07-04,CA5K_13820
2023-07-22,CA5K_02687
2023-07-27,CA5K_05313
2023-07-30,CA5K_13805
2023-07-15,CA5K_10716
2023-07-02,CA5K_02184
2023-07-20,CA5K_00073
2023-07-01,CA5K_11824
2023-07-15,CA5K_11485
2023-07-24,CA5K_11825
2023-07-23,CA5K_14849
2023-07-04,CA5K_12002
2023-07-27,CA5K_02575
2023-07-27,CA5K_12179
2023-07-04,CA5K_14356
2023-07-17,CA5K_08061
2023-07-16,CA5K_11469
2023-07-11,CA5K_13052
2023-07-04,CA5K_05429
2023-07-27,CA5K_02587
2023-07-06,CA5K_12611
2023-07-14,CA5K_11999
2023-07-16,CA5K_14356
2023-07-17,CA5K_10596
2023-07-04,CA5K_11561
2023-07-23,CA5K_02067
2023-07-02,CA5K_03968
2023-07-04,CA5K_13051
2023-07-20,CA5K_12265
2023-07-19,CA5K_09266
2023-07-17,CA5K_11558
2023-07-03,CA5K_05780
2023-07-05,CA5K_13338
2023-07-21,CA5K_12796
2023-07-26,CA5K_06225
2023-07-06,CA5K_09389
2023-07-24,CA5K_00630
2023-07-10,CA5K_11827
2023-07-13,CA5K_12176
2023-07-03,CA5K_12534
2023-07-03,CA5K_01898
2023-07-14,CA5K_13538
2023-07-02,CA5K_13339
2023-07-04,CA5K_11557
2023-07-22,CA5K_04011
2023-07-29,CA5K_13050
2023-07-14,CA5K_11836
2023-07-20,CA5K_08508
2023-07-13,CA5K_11825
2023-07-15,CA5K_09424
2023-07-27,CA5K_06544
2023-07-05,CA5K_11559
2023-07-18,CA5K_12961
2023-07-16,CA5K_06494
2023-07-25,CA5K_12002
2023-07-02,CA5K_13820
2023-07-16,CA5K_11485
2023-07-04,CA5K_11663
2023-07-20,CA5K_11557
2023-07-04,CA5K_12002
2023-07-18,CA5K_07226
2023-07-31,CA5K_11470
2023-07-19,CA5K_11660
2023-07-06,CA5K_15005
2023-07-24,CA5K_09027
2023-07-16,CA5K_00101
2023-07-02,CA5K_10807
2023-07-29,CA5K_06409
2023-07-19,CA5K_04268
2023-07-22,CA5K_00264
2023-07-29,CA5K_14851
2023-07-29,CA5K_10475
2023-07-01,CA5K_10009
2023-07-08,CA5K_14770
2023-07-30,CA5K_04191
2023-07-20,CA5K_08919
2023-07-04,CA5K_12961
2023-07-04,CA5K_02686
2023-07-02,CA5K_01428
2023-07-25,CA5K_11645
2023-07-11,CA5K_12957
2023-07-27,CA5K_11470
2023-07-06,CA5K_14442
2023-07-18,CA5K_16728
2023-07-23,CA5K_12698
2023-07-27,CA5K_00145
2023-07-04,CA5K_08233
2023-07-09,CA5K_04052
2023-07-01,CA5K_08417
2023-07-10,CA5K_12524
2023-07-15,CA5K_11825
2023-07-03,CA5K_11486
2023-07-01,CA5K_11658
2023-07-17,CA5K_10535
2023-07-24,CA5K_02699
2023-07-30,CA5K_14773
2023-07-15,CA5K_05469
2023-07-12,CA5K_09173
2023-07-30,CA5K_11469
2023-07-04,CA5K_11748
2023-07-04,CA5K_11660
2023-07-03,CA5K_14773
2023-07-04,CA5K_11660
2023-07-19,CA5K_02478
2023-07-13,CA5K_01707
2023-07-16,CA5K_05312
2023-07-16,CA5K_13632
2023-07-17,CA5K_07784
2023-07-29,CA5K_08817
2023-07-27,CA5K_12958
2023-07-19,CA5K_00137
2023-07-11,CA5K_13978
2023-07-04,CA5K_05577
2023-07-03,CA5K_12446
2023-07-07,CA5K_08498
2023-07-14,CA5K_12088
2023-07-16,CA5K_14771
2023-07-05,CA5K_06063
2023-07-06,CA5K_09522
2023-07-28,CA5K_12958
2023-07-05,CA5K_05171
2023-07-04,CA5K_12787
2023-07-02,CA5K_14164
2023-07-29,CA5K_12612
2023-07-29,CA5K_12958
2023-07-17,CA5K_13325
2023-07-09,CA5K_12876
2023-07-05,CA5K_11660
2023-07-05,CA5K_13151
2023-07-23,CA5K_06722
2023-07-24,CA5K_11558
2023-07-05,CA5K_06662
2023-07-02,CA5K_02964
2023-07-07,CA5K_10807
2023-07-16,CA5K_11467
2023-07-26,CA5K_00823
2023-07-04,CA5K_14849
2023-07-29,CA5K_13052
2023-07-04,CA5K_11659
2023-07-14,CA5K_11911
2023-07-13,CA5K_13249
2023-07-05,CA5K_11663
2023-07-10,CA5K_07105
2023-07-17,CA5K_00089
2023-07-01,CA5K_10284
2023-07-20,CA5K_10471
2023-07-31,CA5K_11824
2023-07-15,CA5K_11284
2023-07-25,CA5K_10523
2023-07-05,CA5K_14182
2023-07-01,CA5K_05461
2023-07-22,CA5K_07389
2023-07-11,CA5K_11574
2023-07-12,CA5K_13239
2023-07-04,CA5K_11822
2023-07-25,CA5K_06530
2023-07-04,CA5K_11748
2023-07-04,CA5K_11661
2023-07-10,CA5K_13051
2023-07-04,CA5K_09520
2023-07-13,CA5K_11825
2023-07-13,CA5K_05175
2023-07-26,CA5K_04466
2023-07-13,CA5K_11737
2023-07-04,CA5K_13153
2023-07-25,CA5K_12699
2023-07-15,CA5K_11574
2023-07-02,CA5K_01234
2023-07-14,CA5K_11469
2023-07-21,CA5K_11470
2023-07-05,CA5K_13156
2023-07-01,CA5K_13247
2023-07-05,CA5K_10471
2023-07-12,CA5K_13056
2023-07-24,CA5K_15005
2023-07-02,CA5K_10350
2023-07-18,CA5K_12698
2023-07-01,CA5K_03878
2023-07-03,CA5K_08062
2023-07-16,CA5K_04451
2023-07-10,CA5K_08233
2023-07-18,CA5K_02529
2023-07-12,CA5K_13245
2023-07-07,CA5K_13437
2023-07-10,CA5K_05278
2023-07-25,CA5K_14174
2023-07-02,CA5K_02963
2023-07-08,CA5K_06868
2023-07-15,CA5K_10840
2023-07-17,CA5K_11557
2023-07-04,CA5K_11284
2023-07-18,CA5K_11558
2023-07-06,CA5K_11647
2023-07-12,CA5K_11647
2023-07-24,CA5K_05877
2023-07-12,CA5K_06857
2023-07-12,CA5K_01568
2023-07-25,CA5K_12355
2023-07-26,CA5K_12101
2023-07-03,CA5K_11485
2023-07-04,CA5K_14770
2023-07-02,CA5K_12178
2023-07-09,CA5K_06328
2023-07-01,CA5K_12265
2023-07-06,CA5K_03731
2023-07-03,CA5K_11660
2023-07-06,CA5K_12091
2023-07-27,CA5K_13055
2023-07-07,CA5K_11560
2023-07-11,CA5K_06662
2023-07-16,CA5K_03442
2023-07-19,CA5K_10420
2023-07-21,CA5K_11194
2023-07-30,CA5K_11736
2023-07-09,CA5K_08528
2023-07-11,CA5K_11469
2023-07-04,CA5K_11836
2023-07-10,CA5K_14595
2023-07-09,CA5K_05775
2023-07-13,CA5K_08061
2023-07-02,CA5K_11560
2023-07-20,CA5K_02469
2023-07-26,CA5K_01140
2023-07-05,CA5K_12872
2023-07-05,CA5K_11575
2023-07-22,CA5K_03878
2023-07-24,CA5K_03332
2023-07-08,CA5K_04593
2023-07-28,CA5K_13150
2023-07-01,CA5K_11749
2023-07-04,CA5K_00173
2023-07-23,CA5K_11377
2023-07-03,CA5K_12524
2023-07-11,CA5K_02313
2023-07-08,CA5K_08714
2023-07-04,CA5K_14356
2023-07-21,CA5K_15005
2023-07-05,CA5K_14182
2023-07-01,CA5K_11646
2023-07-11,CA5K_10808
2023-07-11,CA5K_11661
2023-07-10,CA5K_11558
2023-07-26,CA5K_11660
2023-07-23,CA5K_06777
2023-07-08,CA5K_06532
2023-07-04,CA5K_11574
2023-07-04,CA5K_13055
2023-07-01,CA5K_11469
2023-07-04,CA5K_13727
2023-07-31,CA5K_11558
2023-07-02,CA5K_05023
2023-07-27,CA5K_02698
2023-07-04,CA5K_11469
2023-07-05,CA5K_06885
2023-07-05,CA5K_12699
2023-07-02,CA5K_01428
2023-07-08,CA5K_11663
2023-07-25,CA5K_00777
2023-07-12,CA5K_13150
2023-07-08,CA5K_11557
2023-07-04,CA5K_11469
2023-07-28,CA5K_11394
2023-07-11,CA5K_04683
2023-07-03,CA5K_07380
2023-07-04,CA5K_08817
2023-07-23,CA5K_12177
2023-07-24,CA5K_04889
2023-07-07,CA5K_11469
2023-07-20,CA5K_11734
2023-07-12,CA5K_11474
2023-07-11,CA5K_11733
2023-07-06,CA5K_10098
2023-07-07,CA5K_11660
2023-07-23,CA5K_11660
2023-07-10,CA5K_10535
2023-07-04,CA5K_06544
2023-07-03,CA5K_11748
2023-07-05,CA5K_01806
2023-07-10,CA5K_11470
2023-07-04,CA5K_11467
2023-07-24,CA5K_08605
2023-07-12,CA5K_08520
2023-07-05,CA5K_11660
2023-07-05,CA5K_13535
2023-07-11,CA5K_13151
2023-07-27,CA5K_11469
2023-07-26,CA5K_13801
2023-07-25,CA5K_11573
2023-07-31,CA5K_02478
2023-07-27,CA5K_08714
2023-07-29,CA5K_07134
2023-07-22,CA5K_11531
2023-07-29,CA5K_03880
2023-07-02,CA5K_11660
2023-07-15,CA5K_04708
2023-07-04,CA5K_12787
2023-07-06,CA5K_14269
2023-07-12,CA5K_14271
2023-07-05,CA5K_13338
2023-07-09,CA5K_03731
2023-07-04,CA5K_06035
2023-07-17,CA5K_12698
2023-07-16,CA5K_11284
2023-07-08,CA5K_12962
2023-07-08,CA5K_11574
2023-07-03,CA5K_11663
2023-07-07,CA5K_05890
2023-07-21,CA5K_11560
2023-07-15,CA5K_11736
2023-07-05,CA5K_11912
2023-07-11,CA5K_11558
2023-07-31,CA5K_01705
2023-07-27,CA5K_01895
2023-07-08,CA5K_13052
2023-07-02,CA5K_11469
2023-07-04,CA5K_11485
2023-07-23,CA5K_08824
2023-07-04,CA5K_06544
2023-07-04,CA5K_12875
2023-07-31,CA5K_02793
2023-07-12,CA5K_14272
2023-07-05,CA5K_03200
2023-07-27,CA5K_10995
2023-07-14,CA5K_05910
2023-07-23,CA5K_02793
2023-07-16,CA5K_11558
2023-07-24,CA5K_11394
2023-07-18,CA5K_16773
2023-07-06,CA5K_13431
2023-07-25,CA5K_03264
2023-07-29,CA5K_05628
2023-07-26,CA5K_11566
2023-07-09,CA5K_13632
2023-07-15,CA5K_15236
2023-07-27,CA5K_08817
2023-07-29,CA5K_01951
2023-07-04,CA5K_13348
2023-07-08,CA5K_13327
2023-07-20,CA5K_13437
2023-07-15,CA5K_12871
2023-07-29,CA5K_13538
2023-07-21,CA5K_03744
2023-07-17,CA5K_05880
2023-07-15,CA5K_13725
2023-07-14,CA5K_11469
2023-07-03,CA5K_12780
2023-07-17,CA5K_07717
2023-07-02,CA5K_13151
2023-07-24,CA5K_03592
2023-07-01,CA5K_10000
2023-07-17,CA5K_12443
2023-07-04,CA5K_11394
2023-07-01,CA5K_02691
2023-07-31,CA5K_03724
2023-07-20,CA5K_09520
2023-07-03,CA5K_14847
2023-07-22,CA5K_13628
2023-07-29,CA5K_03928
2023-07-27,CA5K_10900
2023-07-25,CA5K_14340
2023-07-03,CA5K_05614
2023-07-26,CA5K_06563
2023-07-22,CA5K_09146
2023-07-19,CA5K_08712
2023-07-05,CA5K_02884
2023-07-01,CA5K_06356
2023-07-27,CA5K_13053
2023-07-07,CA5K_11555
2023-07-03,CA5K_04053
2023-07-03,CA5K_11477
2023-07-23,CA5K_04541
2023-07-18,CA5K_11467
2023-07-03,CA5K_15005
2023-07-21,CA5K_10807
2023-07-25,CA5K_06199
2023-07-23,CA5K_08233
2023-07-23,CA5K_10705
2023-07-19,CA5K_07226
2023-07-30,CA5K_02577
2023-07-13,CA5K_10997
2023-07-24,CA5K_09146
2023-07-12,CA5K_04741
2023-07-15,CA5K_08061
2023-07-17,CA5K_13150
2023-07-11,CA5K_02963
2023-07-04,CA5K_11748
2023-07-24,CA5K_11186
2023-07-01,CA5K_11914
2023-07-28,CA5K_06534
2023-07-28,CA5K_15005
2023-07-19,CA5K_11825
2023-07-29,CA5K_11469
2023-07-20,CA5K_14441
2023-07-15,CA5K_11660
2023-07-02,CA5K_10350
2023-07-15,CA5K_04321
2023-07-04,CA5K_13633
2023-07-01,CA5K_06328
2023-07-14,CA5K_11825
2023-07-25,CA5K_02827
2023-07-09,CA5K_02078
2023-07-04,CA5K_03333
2023-07-17,CA5K_11182
2023-07-04,CA5K_12611
2023-07-19,CA5K_11558
2023-07-04,CA5K_12957
2023-07-22,CA5K_11999
2023-07-27,CA5K_06394
2023-07-16,CA5K_11649
2023-07-19,CA5K_11558
2023-07-17,CA5K_10806
2023-07-12,CA5K_04531
2023-07-23,CA5K_10009
2023-07-08,CA5K_13053
2023-07-03,CA5K_11185
2023-07-04,CA5K_14772
2023-07-05,CA5K_00943
2023-07-05,CA5K_02801
2023-07-03,CA5K_08919
2023-07-12,CA5K_13235
2023-07-16,CA5K_11737
2023-07-04,CA5K_02102
2023-07-28,CA5K_09520
2023-07-26,CA5K_13151
2023-07-02,CA5K_13337
2023-07-19,CA5K_11559
2023-07-15,CA5K_12876
2023-07-29,CA5K_07570
2023-07-05,CA5K_13053
2023-07-10,CA5K_11825
2023-07-12,CA5K_12362
2023-07-11,CA5K_14180
2023-07-28,CA5K_13249
2023-07-04,CA5K_11660
2023-07-25,CA5K_12868
2023-07-20,CA5K_11558
2023-07-29,CA5K_11736
2023-07-09,CA5K_07889
2023-07-07,CA5K_11558
2023-07-12,CA5K_13628
2023-07-27,CA5K_13249
2023-07-01,CA5K_13882
2023-07-16,CA5K_02525
2023-07-10,CA5K_08061
2023-07-27,CA5K_12524
2023-07-24,CA5K_10803
2023-07-13,CA5K_10625
2023-07-18,CA5K_05173
2023-07-11,CA5K_13053
2023-07-09,CA5K_11469
2023-07-04,CA5K_13050
2023-07-28,CA5K_13150
2023-07-13,CA5K_12962
2023-07-04,CA5K_12956
2023-07-21,CA5K_13049
2023-07-31,CA5K_05020
2023-07-23,CA5K_11486
2023-07-04,CA5K_05017
2023-07-24,CA5K_11737
2023-07-06,CA5K_02073
2023-07-17,CA5K_12611
2023-07-02,CA5K_11575
2023-07-23,CA5K_11836
2023-07-23,CA5K_09127
2023-07-12,CA5K_11734
2023-07-18,CA5K_02757
2023-07-02,CA5K_13150
2023-07-04,CA5K_00145
2023-07-20,CA5K_08061
2023-07-23,CA5K_02796
2023-07-07,CA5K_11912
2023-07-25,CA5K_10900
2023-07-18,CA5K_13427
2023-07-21,CA5K_11194
2023-07-15,CA5K_13337
2023-07-19,CA5K_04606
2023-07-16,CA5K_10744
2023-07-06,CA5K_08037
2023-07-04,CA5K_09520
2023-07-06,CA5K_11557
2023-07-05,CA5K_02283
2023-07-03,CA5K_01258
2023-07-19,CA5K_08714
2023-07-06,CA5K_11560
2023-07-01,CA5K_11469
2023-07-23,CA5K_04466
2023-07-04,CA5K_11646
2023-07-10,CA5K_14356
2023-07-03,CA5K_13055
2023-07-14,CA5K_08425
2023-07-23,CA5K_11558
2023-07-12,CA5K_13239
2023-07-18,CA5K_14268
2023-07-30,CA5K_02544
2023-07-29,CA5K_03086
2023-07-22,CA5K_13726
2023-07-07,CA5K_12606
2023-07-25,CA5K_02689
2023-07-27,CA5K_08061
2023-07-24,CA5K_11733
2023-07-01,CA5K_12534
2023-07-02,CA5K_11574
2023-07-28,CA5K_13052
2023-07-13,CA5K_03858
2023-07-12,CA5K_16774
2023-07-07,CA5K_14337
2023-07-04,CA5K_11660
2023-07-31,CA5K_02801
2023-07-16,CA5K_11287
2023-07-04,CA5K_12609
2023-07-05,CA5K_11748
2023-07-14,CA5K_11470
2023-07-03,CA5K_09065
2023-07-12,CA5K_13245
2023-07-05,CA5K_11285
2023-07-31,CA5K_10097
2023-07-04,CA5K_11280
2023-07-04,CA5K_13055
2023-07-20,CA5K_05423
2023-07-04,CA5K_14770
2023-07-05,CA5K_11574
2023-07-25,CA5K_13148
2023-07-13,CA5K_10010
2023-07-06,CA5K_08233
2023-07-14,CA5K_11469
2023-07-28,CA5K_01702
2023-07-20,CA5K_11910
2023-07-29,CA5K_14690
2023-07-26,CA5K_07227
2023-07-13,CA5K_11912
2023-07-16,CA5K_00067
2023-07-29,CA5K_03928
2023-07-24,CA5K_06532
2023-07-04,CA5K_13056
2023-07-07,CA5K_13534
2023-07-08,CA5K_06297
2023-07-22,CA5K_04188
2023-07-01,CA5K_01703
2023-07-04,CA5K_11822
2023-07-04,CA5K_12622
2023-07-31,CA5K_04053
2023-07-28,CA5K_02472
2023-07-05,CA5K_06531
2023-07-12,CA5K_05323
2023-07-12,CA5K_11662
2023-07-13,CA5K_13052
2023-07-10,CA5K_06378
2023-07-23,CA5K_03732
2023-07-17,CA5K_06321
2023-07-11,CA5K_13056
2023-07-06,CA5K_13443
2023-07-12,CA5K_02504
2023-07-04,CA5K_13329
2023-07-04,CA5K_08817
2023-07-31,CA5K_11558
2023-07-05,CA5K_11573
2023-07-06,CA5K_03572
2023-07-16,CA5K_13153
2023-07-30,CA5K_11646
2023-07-29,CA5K_09044
2023-07-04,CA5K_11574
2023-07-20,CA5K_11824
2023-07-20,CA5K_02473
2023-07-29,CA5K_13055
2023-07-16,CA5K_11560
2023-07-17,CA5K_00943
2023-07-05,CA5K_13439
2023-07-04,CA5K_09222
2023-07-05,CA5K_13052
2023-07-01,CA5K_12957
2023-07-18,CA5K_13336
2023-07-15,CA5K_06160
2023-07-04,CA5K_08061
2023-07-01,CA5K_13247
2023-07-20,CA5K_08631
2023-07-16,CA5K_11558
2023-07-18,CA5K_02964
2023-07-23,CA5K_11573
2023-07-29,CA5K_11737
2023-07-02,CA5K_11574
2023-07-12,CA5K_08829
2023-07-01,CA5K_14412
2023-07-11,CA5K_13049
2023-07-08,CA5K_13152
2023-07-18,CA5K_05326
2023-07-10,CA5K_08061
2023-07-17,CA5K_06859
2023-07-20,CA5K_02795
2023-07-04,CA5K_12698
2023-07-11,CA5K_11469
2023-07-23,CA5K_12177
2023-07-16,CA5K_11186
2023-07-04,CA5K_08714
2023-07-09,CA5K_13150
2023-07-02,CA5K_12787
2023-07-19,CA5K_06703
2023-07-04,CA5K_11733
2023-07-04,CA5K_08943
2023-07-15,CA5K_13247
2023-07-25,CA5K_09814
2023-07-13,CA5K_05704
2023-07-11,CA5K_09121
2023-07-22,CA5K_14850
2023-07-03,CA5K_13057
2023-07-04,CA5K_07185
2023-07-02,CA5K_01428
2023-07-18,CA5K_11558
2023-07-16,CA5K_05889
2023-07-23,CA5K_10535
2023-07-17,CA5K_13633
2023-07-11,CA5K_13249
2023-07-04,CA5K_14927
2023-07-02,CA5K_07225
2023-07-04,CA5K_11733
2023-07-29,CA5K_08362
2023-07-14,CA5K_04849
2023-07-31,CA5K_05410
2023-07-15,CA5K_01106
2023-07-04,CA5K_07185
2023-07-04,CA5K_11484
2023-07-15,CA5K_09530
2023-07-20,CA5K_02799
2023-07-30,CA5K_12177
2023-07-31,CA5K_09521
2023-07-17,CA5K_11485
2023-07-03,CA5K_07567
2023-07-27,CA5K_07379
2023-07-28,CA5K_11558
2023-07-14,CA5K_01679
2023-07-29,CA5K_13433
2023-07-08,CA5K_11558
2023-07-19,CA5K_05729
2023-07-08,CA5K_06043
2023-07-21,CA5K_12435
2023-07-11,CA5K_11284
2023-07-10,CA5K_07199
2023-07-10,CA5K_04189
2023-07-07,CA5K_13244
2023-07-27,CA5K_11652
2023-07-03,CA5K_07075
2023-07-29,CA5K_10899
2023-07-17,CA5K_05489
2023-07-15,CA5K_11187
2023-07-07,CA5K_13239
2023-07-10,CA5K_11645
2023-07-25,CA5K_06531
2023-07-27,CA5K_05889
2023-07-12,CA5K_01009
2023-07-10,CA5K_05318
2023-07-19,CA5K_11558
2023-07-04,CA5K_07104
2023-07-22,CA5K_03463
2023-07-19,CA5K_05869
2023-07-29,CA5K_11558
2023-07-30,CA5K_12698
2023-07-04,CA5K_11575
2023-07-23,CA5K_09035
2023-07-29,CA5K_13820
2023-07-06,CA5K_15005
2023-07-01,CA5K_16787
2023-07-26,CA5K_13056
2023-07-11,CA5K_04541
2023-07-11,CA5K_02173
2023-07-05,CA5K_11185
2023-07-06,CA5K_13336
2023-07-10,CA5K_11575
2023-07-26,CA5K_11558
2023-07-10,CA5K_04321
2023-07-10,CA5K_02189
2023-07-22,CA5K_01179
2023-07-27,CA5K_05278
2023-07-03,CA5K_02181
2023-07-03,CA5K_02687
2023-07-09,CA5K_05175
2023-07-03,CA5K_12002
2023-07-18,CA5K_12959
2023-07-29,CA5K_13525
2023-07-17,CA5K_14239
2023-07-18,CA5K_14250
2023-07-22,CA5K_02578
2023-07-05,CA5K_13145
2023-07-30,CA5K_11647
2023-07-26,CA5K_12698
2023-07-31,CA5K_11660
2023-07-14,CA5K_13235
2023-07-13,CA5K_09520
2023-07-23,CA5K_04906
2023-07-04,CA5K_11575
2023-07-17,CA5K_01009
2023-07-09,CA5K_14240
2023-07-05,CA5K_08509
2023-07-06,CA5K_08233
2023-07-04,CA5K_11748
2023-07-20,CA5K_01626
2023-07-29,CA5K_14524
2023-07-04,CA5K_09121
2023-07-05,CA5K_11660
2023-07-05,CA5K_13820
2023-07-04,CA5K_11575
2023-07-21,CA5K_08817
2023-07-07,CA5K_06878
2023-07-02,CA5K_02639
2023-07-25,CA5K_04705
2023-07-12,CA5K_02811
2023-07-26,CA5K_11736
2023-07-27,CA5K_05611
2023-07-26,CA5K_08636
2023-07-21,CA5K_12611
2023-07-04,CA5K_09120
2023-07-24,CA5K_11575
2023-07-05,CA5K_08417
2023-07-07,CA5K_08061
2023-07-19,CA5K_07367
2023-07-02,CA5K_01428
2023-07-04,CA5K_11661
2023-07-04,CA5K_14771
2023-07-12,CA5K_13153
2023-07-14,CA5K_13055
2023-07-13,CA5K_12176
2023-07-26,CA5K_13632
2023-07-19,CA5K_12787
2023-07-27,CA5K_11558
2023-07-26,CA5K_11824
2023-07-22,CA5K_03464
2023-07-29,CA5K_13234
2023-07-14,CA5K_13726
2023-07-07,CA5K_12698
2023-07-28,CA5K_13636
2023-07-18,CA5K_10600
2023-07-14,CA5K_12087
2023-07-09,CA5K_01391
2023-07-03,CA5K_05753
2023-07-21,CA5K_11914
2023-07-05,CA5K_11560
2023-07-30,CA5K_14770
2023-07-04,CA5K_00509
2023-07-26,CA5K_11284
2023-07-04,CA5K_11205
2023-07-04,CA5K_12787
2023-07-17,CA5K_14607
2023-07-31,CA5K_11469
2023-07-20,CA5K_11645
2023-07-21,CA5K_04833
2023-07-04,CA5K_12961
2023-07-12,CA5K_02687
2023-07-26,CA5K_13244
2023-07-04,CA5K_11914
2023-07-31,CA5K_11558
2023-07-09,CA5K_03356
2023-07-04,CA5K_13050
2023-07-10,CA5K_03731
2023-07-02,CA5K_03731
2023-07-12,CA5K_00267
2023-07-11,CA5K_02686
2023-07-04,CA5K_01702
2023-07-15,CA5K_02205
2023-07-04,CA5K_00657
2023-07-04,CA5K_13443
2023-07-25,CA5K_06327
2023-07-15,CA5K_11283
2023-07-31,CA5K_05495
2023-07-10,CA5K_05889
2023-07-27,CA5K_08026
2023-07-29,CA5K_05496
2023-07-15,CA5K_11560
2023-07-30,CA5K_05762
2023-07-20,CA5K_14607
2023-07-05,CA5K_11485
2023-07-04,CA5K_11913
2023-07-31,CA5K_00429
2023-07-08,CA5K_09018
2023-07-25,CA5K_13239
2023-07-04,CA5K_11557
2023-07-12,CA5K_04689
2023-07-05,CA5K_09827
2023-07-14,CA5K_11572
2023-07-03,CA5K_11284
2023-07-04,CA5K_13538
2023-07-04,CA5K_11914
2023-07-29,CA5K_12093
2023-07-09,CA5K_11558
2023-07-05,CA5K_05660
2023-07-04,CA5K_11559
2023-07-08,CA5K_11469
2023-07-05,CA5K_13974
2023-07-04,CA5K_08061
2023-07-13,CA5K_13056
2023-07-31,CA5K_11821
2023-07-02,CA5K_13617
2023-07-22,CA5K_11825
2023-07-11,CA5K_12698
2023-07-12,CA5K_12177
2023-07-31,CA5K_14689
2023-07-02,CA5K_06041
2023-07-12,CA5K_11194
2023-07-29,CA5K_11663
2023-07-19,CA5K_14075
2023-07-25,CA5K_11295
2023-07-11,CA5K_12177
2023-07-21,CA5K_14356
2023-07-11,CA5K_10904
2023-07-08,CA5K_11559
2023-07-10,CA5K_10804
2023-07-29,CA5K_08710
2023-07-20,CA5K_08817
2023-07-16,CA5K_07944
2023-07-13,CA5K_11645
2023-07-24,CA5K_05389
2023-07-05,CA5K_11558
2023-07-09,CA5K_11558
2023-07-31,CA5K_04538
2023-07-05,CA5K_12612
2023-07-27,CA5K_03078
2023-07-09,CA5K_11575
2023-07-31,CA5K_13153
2023-07-02,CA5K_08061
2023-07-04,CA5K_02007
2023-07-10,CA5K_13146
2023-07-04,CA5K_11999
2023-07-10,CA5K_13150
2023-07-13,CA5K_10009
2023-07-04,CA5K_11999
2023-07-31,CA5K_14770
2023-07-08,CA5K_09040
2023-07-04,CA5K_11747
2023-07-31,CA5K_11662
2023-07-23,CA5K_11924
2023-07-08,CA5K_11296
2023-07-14,CA5K_13443
2023-07-20,CA5K_12009
2023-07-16,CA5K_11560
2023-07-22,CA5K_11663
2023-07-14,CA5K_00041
2023-07-08,CA5K_12099
2023-07-18,CA5K_01964
2023-07-25,CA5K_13149
2023-07-07,CA5K_13245
2023-07-20,CA5K_11645
2023-07-26,CA5K_11660
2023-07-15,CA5K_13726
2023-07-22,CA5K_11737
2023-07-05,CA5K_12961
2023-07-13,CA5K_14850
2023-07-01,CA5K_08044
2023-07-31,CA5K_15005
2023-07-20,CA5K_11193
2023-07-04,CA5K_09616
2023-07-01,CA5K_01010
2023-07-02,CA5K_01354
2023-07-15,CA5K_11572
2023-07-17,CA5K_06000
2023-07-04,CA5K_02581
2023-07-29,CA5K_11390
2023-07-03,CA5K_13053
2023-07-28,CA5K_11835
2023-07-04,CA5K_03334
2023-07-05,CA5K_00943
2023-07-31,CA5K_14770
2023-07-25,CA5K_05889
2023-07-12,CA5K_11575
2023-07-13,CA5K_11737
2023-07-28,CA5K_02808
2023-07-24,CA5K_11575
2023-07-22,CA5K_11295
2023-07-04,CA5K_12869
2023-07-24,CA5K_00855
2023-07-28,CA5K_02962
2023-07-10,CA5K_13052
2023-07-18,CA5K_01167
2023-07-04,CA5K_11661
2023-07-10,CA5K_11469
2023-07-30,CA5K_11824
2023-07-19,CA5K_01989
2023-07-14,CA5K_13234
2023-07-18,CA5K_09845
2023-07-29,CA5K_11471
2023-07-18,CA5K_06433
2023-07-02,CA5K_14850
2023-07-10,CA5K_08061
2023-07-23,CA5K_11840
2023-07-09,CA5K_15005
2023-07-04,CA5K_03782
2023-07-05,CA5K_12039
2023-07-10,CA5K_10535
2023-07-15,CA5K_10318
2023-07-21,CA5K_00098
2023-07-04,CA5K_09121
2023-07-05,CA5K_05460
2023-07-02,CA5K_12608
2023-07-11,CA5K_01964
2023-07-29,CA5K_12871
2023-07-28,CA5K_11558
2023-07-04,CA5K_14852
2023-07-03,CA5K_11824
2023-07-16,CA5K_11558
2023-07-12,CA5K_11914
2023-07-31,CA5K_16744
2023-07-07,CA5K_04188
2023-07-16,CA5K_09289
2023-07-14,CA5K_04849
2023-07-03,CA5K_11574
2023-07-11,CA5K_00267
2023-07-13,CA5K_13628
2023-07-02,CA5K_12961
2023-07-06,CA5K_13522
2023-07-16,CA5K_04189
2023-07-29,CA5K_10292
2023-07-17,CA5K_13911
2023-07-23,CA5K_11825
2023-07-04,CA5K_03865
2023-07-19,CA5K_02423
2023-07-22,CA5K_14357
2023-07-31,CA5K_06731
2023-07-27,CA5K_13998
2023-07-04,CA5K_13254
2023-07-02,CA5K_15006
2023-07-04,CA5K_11285
2023-07-09,CA5K_09427
2023-07-05,CA5K_11825
2023-07-04,CA5K_11572
2023-07-16,CA5K_11376
2023-07-15,CA5K_13149
2023-07-05,CA5K_11564
2023-07-16,CA5K_06356
2023-07-23,CA5K_13244
2023-07-04,CA5K_06868
2023-07-02,CA5K_10806
2023-07-06,CA5K_07399
2023-07-14,CA5K_06071
2023-07-04,CA5K_11748
2023-07-08,CA5K_05468
2023-07-23,CA5K_05326
2023-07-16,CA5K_07592
2023-07-18,CA5K_03923
2023-07-05,CA5K_13816
2023-07-01,CA5K_00781
2023-07-09,CA5K_08921
2023-07-05,CA5K_13056
2023-07-29,CA5K_11662
2023-07-28,CA5K_12964
2023-07-13,CA5K_11732
2023-07-29,CA5K_11737
2023-07-30,CA5K_02102
2023-07-05,CA5K_02831
2023-07-24,CA5K_12177
2023-07-20,CA5K_13341
2023-07-04,CA5K_13150
2023-07-21,CA5K_08817
2023-07-30,CA5K_09431
2023-07-04,CA5K_02975
2023-07-24,CA5K_08829
2023-07-23,CA5K_09022
2023-07-24,CA5K_14770
2023-07-04,CA5K_07218
2023-07-04,CA5K_14850
2023-07-22,CA5K_03420
2023-07-26,CA5K_11098
2023-07-16,CA5K_13341
2023-07-05,CA5K_02673
2023-07-24,CA5K_01008
2023-07-12,CA5K_11912
2023-07-12,CA5K_03949
2023-07-11,CA5K_11186
2023-07-10,CA5K_05135
2023-07-10,CA5K_06187
2023-07-16,CA5K_04593
2023-07-10,CA5K_09222
2023-07-07,CA5K_09131
2023-07-14,CA5K_11186
2023-07-13,CA5K_10129
2023-07-17,CA5K_02709
2023-07-25,CA5K_12002
2023-07-04,CA5K_12265
2023-07-09,CA5K_08063
2023-07-13,CA5K_12177
2023-07-04,CA5K_11557
2023-07-05,CA5K_01258
2023-07-02,CA5K_00325
2023-07-12,CA5K_11822
2023-07-08,CA5K_06042
2023-07-05,CA5K_11663
2023-07-24,CA5K_12957
2023-07-19,CA5K_08232
2023-07-15,CA5K_03344
2023-07-22,CA5K_06641
2023-07-29,CA5K_14069
2023-07-31,CA5K_10996
2023-07-12,CA5K_12698
2023-07-08,CA5K_05451
2023-07-16,CA5K_04451
2023-07-07,CA5K_09427
2023-07-19,CA5K_11393
2023-07-04,CA5K_11736
2023-07-02,CA5K_10000
2023-07-02,CA5K_11558
2023-07-10,CA5K_13052
2023-07-12,CA5K_02400
2023-07-15,CA5K_12265
2023-07-05,CA5K_12014
2023-07-05,CA5K_11660
2023-07-06,CA5K_11469
2023-07-14,CA5K_11836
2023-07-04,CA5K_12090
2023-07-16,CA5K_11573
2023-07-13,CA5K_11825
2023-07-03,CA5K_08277
2023-07-03,CA5K_11105
2023-07-04,CA5K_11647
2023-07-26,CA5K_12873
2023-07-05,CA5K_14850
2023-07-02,CA5K_04644
2023-07-03,CA5K_00762
2023-07-04,CA5K_14522
2023-07-17,CA5K_01010
2023-07-05,CA5K_11661
2023-07-27,CA5K_01893
2023-07-05,CA5K_11748
2023-07-05,CA5K_05462
2023-07-28,CA5K_08712
2023-07-31,CA5K_11645
2023-07-20,CA5K_13440
2023-07-12,CA5K_09028
2023-07-12,CA5K_11558
2023-07-22,CA5K_12003
2023-07-04,CA5K_14357
2023-07-04,CA5K_13439
2023-07-17,CA5K_06226
2023-07-05,CA5K_01533
2023-07-03,CA5K_13152
2023-07-09,CA5K_02912
2023-07-18,CA5K_10998
2023-07-26,CA5K_01258
2023-07-18,CA5K_00117
2023-07-31,CA5K_08713
2023-07-27,CA5K_13145
2023-07-10,CA5K_05033
2023-07-09,CA5K_11914
2023-07-24,CA5K_04193
2023-07-11,CA5K_02827
2023-07-08,CA5K_06070
2023-07-28,CA5K_11737
2023-07-08,CA5K_07549
2023-07-14,CA5K_06524
2023-07-31,CA5K_06731
2023-07-23,CA5K_09018
2023-07-20,CA5K_02102
2023-07-07,CA5K_05351
2023-07-31,CA5K_15310
2023-07-15,CA5K_11836
2023-07-04,CA5K_11468
2023-07-09,CA5K_10900
2023-07-16,CA5K_04690
2023-07-22,CA5K_08923
2023-07-01,CA5K_10344
2023-07-04,CA5K_11735
2023-07-28,CA5K_08709
2023-07-31,CA5K_15310
2023-07-10,CA5K_11095
2023-07-29,CA5K_07054
2023-07-04,CA5K_12265
2023-07-29,CA5K_15570
2023-07-26,CA5K_13148
2023-07-11,CA5K_11558
2023-07-13,CA5K_12801
2023-07-30,CA5K_13056
2023-07-18,CA5K_14769
2023-07-04,CA5K_13153
2023-07-29,CA5K_02359
2023-07-30,CA5K_11914
2023-07-28,CA5K_13055
2023-07-10,CA5K_12611
2023-07-12,CA5K_11469
2023-07-24,CA5K_13053
2023-07-04,CA5K_11823
2023-07-25,CA5K_01608
2023-07-11,CA5K_11281
2023-07-27,CA5K_11924
2023-07-13,CA5K_13152
2023-07-05,CA5K_11474
2023-07-04,CA5K_02573
2023-07-13,CA5K_13533
2023-07-23,CA5K_11660
2023-07-23,CA5K_11469
2023-07-07,CA5K_02192
2023-07-02,CA5K_06754
2023-07-18,CA5K_13150
2023-07-04,CA5K_14849
2023-07-04,CA5K_12957
2023-07-02,CA5K_11025
2023-07-13,CA5K_01235
2023-07-30,CA5K_11185
2023-07-02,CA5K_11469
2023-07-12,CA5K_05617
2023-07-13,CA5K_06364
2023-07-21,CA5K_13723
2023-07-03,CA5K_13796
2023-07-30,CA5K_11558
2023-07-17,CA5K_13052
2023-07-02,CA5K_13726
2023-07-04,CA5K_10997
2023-07-01,CA5K_02795
2023-07-01,CA5K_07192
2023-07-02,CA5K_06041
2023-07-08,CA5K_11825
2023-07-30,CA5K_00264
2023-07-25,CA5K_01810
2023-07-09,CA5K_11660
2023-07-17,CA5K_03521
2023-07-04,CA5K_11914
2023-07-25,CA5K_10996
2023-07-07,CA5K_12787
2023-07-20,CA5K_11375
2023-07-26,CA5K_11558
2023-07-30,CA5K_06696
2023-07-09,CA5K_13149
2023-07-20,CA5K_05624
2023-07-17,CA5K_12869
2023-07-03,CA5K_13151
2023-07-20,CA5K_10603
2023-07-12,CA5K_11284
2023-07-26,CA5K_06030
2023-07-02,CA5K_07377
2023-07-03,CA5K_00111
2023-07-04,CA5K_12612
2023-07-17,CA5K_13654
2023-07-22,CA5K_13050
2023-07-16,CA5K_10615
2023-07-06,CA5K_10098
2023-07-02,CA5K_13911
2023-07-12,CA5K_12612
2023-07-28,CA5K_07672
2023-07-04,CA5K_10901
2023-07-11,CA5K_13150
2023-07-30,CA5K_14356
2023-07-28,CA5K_03731
2023-07-02,CA5K_12871
2023-07-02,CA5K_01441
2023-07-02,CA5K_02532
2023-07-04,CA5K_07889
2023-07-16,CA5K_04201
2023-07-03,CA5K_07762
2023-07-04,CA5K_11660
2023-07-04,CA5K_13152
2023-07-11,CA5K_11469
2023-07-24,CA5K_08234
2023-07-23,CA5K_05599
2023-07-02,CA5K_11647
2023-07-07,CA5K_13728
2023-07-23,CA5K_11570
2023-07-16,CA5K_06698
2023-07-02,CA5K_04751
2023-07-05,CA5K_12610
2023-07-08,CA5K_11469
2023-07-11,CA5K_12787
2023-07-20,CA5K_11573
2023-07-12,CA5K_14688
2023-07-27,CA5K_13633
2023-07-04,CA5K_05732
2023-07-27,CA5K_06063
2023-07-30,CA5K_11824
2023-07-12,CA5K_11186
2023-07-11,CA5K_13050
2023-07-27,CA5K_11558
2023-07-01,CA5K_06080
2023-07-10,CA5K_00944
2023-07-18,CA5K_05278
2023-07-28,CA5K_01609
2023-07-01,CA5K_11662
2023-07-13,CA5K_13150
2023-07-09,CA5K_14441
2023-07-03,CA5K_13149
2023-07-04,CA5K_03463
2023-07-14,CA5K_11645
2023-07-12,CA5K_02349
2023-07-14,CA5K_13443
2023-07-19,CA5K_13629
2023-07-05,CA5K_08417
2023-07-17,CA5K_03923
2023-07-04,CA5K_11661
2023-07-07,CA5K_11737
2023-07-05,CA5K_08235
2023-07-24,CA5K_08675
2023-07-12,CA5K_05881
2023-07-05,CA5K_12000
2023-07-23,CA5K_12621
2023-07-09,CA5K_02912
2023-07-08,CA5K_07028
2023-07-15,CA5K_04541
2023-07-16,CA5K_00283
2023-07-29,CA5K_03928
2023-07-21,CA5K_07717
2023-07-04,CA5K_11469
2023-07-24,CA5K_08817
2023-07-04,CA5K_04052
2023-07-01,CA5K_05890
2023-07-04,CA5K_06365
2023-07-11,CA5K_13341
2023-07-02,CA5K_03781
2023-07-04,CA5K_11575
2023-07-03,CA5K_09334
2023-07-04,CA5K_12698
2023-07-02,CA5K_12791
2023-07-17,CA5K_10000
2023-07-19,CA5K_05177
2023-07-08,CA5K_11469
2023-07-15,CA5K_07780
2023-07-20,CA5K_07208
2023-07-19,CA5K_07184
2023-07-07,CA5K_11194
2023-07-09,CA5K_08605
2023-07-02,CA5K_06520
2023-07-30,CA5K_07170
2023-07-04,CA5K_11663
2023-07-20,CA5K_00335
2023-07-05,CA5K_11574
2023-07-30,CA5K_06162
2023-07-14,CA5K_09826
2023-07-21,CA5K_02544
2023-07-31,CA5K_01373
2023-07-28,CA5K_13149
2023-07-17,CA5K_03659
2023-07-04,CA5K_13338
2023-07-17,CA5K_11395
2023-07-26,CA5K_13053
2023-07-09,CA5K_13885
2023-07-04,CA5K_12611
2023-07-02,CA5K_11828
2023-07-21,CA5K_09616
2023-07-03,CA5K_11647
2023-07-25,CA5K_03926
2023-07-13,CA5K_13439
2023-07-25,CA5K_11396
2023-07-30,CA5K_13726
2023-07-25,CA5K_13056
2023-07-03,CA5K_13439
2023-07-05,CA5K_09123
2023-07-02,CA5K_07091
2023-07-05,CA5K_08246
2023-07-04,CA5K_06378
2023-07-10,CA5K_02097
2023-07-22,CA5K_01571
2023-07-04,CA5K_09531
2023-07-31,CA5K_12957
2023-07-04,CA5K_02746
2023-07-27,CA5K_07387
2023-07-08,CA5K_12965
2023-07-01,CA5K_07185
2023-07-07,CA5K_11194
2023-07-21,CA5K_05460
2023-07-12,CA5K_12696
2023-07-23,CA5K_11824
2023-07-08,CA5K_03996
2023-07-03,CA5K_11477
2023-07-12,CA5K_12954
2023-07-04,CA5K_11573
2023-07-04,CA5K_13820
2023-07-05,CA5K_13045
2023-07-13,CA5K_13726
2023-07-14,CA5K_13152
2023-07-04,CA5K_11558
2023-07-16,CA5K_11555
2023-07-19,CA5K_11646
2023-07-06,CA5K_11824
2023-07-02,CA5K_13888
2023-07-28,CA5K_13153
2023-07-04,CA5K_11195
2023-07-21,CA5K_00630
2023-07-24,CA5K_11378
2023-07-07,CA5K_10000
2023-07-11,CA5K_11646
2023-07-13,CA5K_04328
2023-07-05,CA5K_13244
2023-07-09,CA5K_03455
2023-07-03,CA5K_11915
2023-07-27,CA5K_14182
2023-07-04,CA5K_11660
2023-07-01,CA5K_11289
2023-07-28,CA5K_08233
2023-07-12,CA5K_11663
2023-07-07,CA5K_06060
2023-07-14,CA5K_13048
2023-07-20,CA5K_11284
2023-07-02,CA5K_01428
2023-07-05,CA5K_11661
2023-07-04,CA5K_14849
2023-07-12,CA5K_03454
2023-07-02,CA5K_13149
2023-07-23,CA5K_05325
2023-07-04,CA5K_07380
2023-07-19,CA5K_13055
2023-07-06,CA5K_11825
2023-07-26,CA5K_13723
2023-07-04,CA5K_11751
2023-07-15,CA5K_06500
2023-07-04,CA5K_13152
2023-07-05,CA5K_11098
2023-07-18,CA5K_11913
2023-07-02,CA5K_12698
2023-07-03,CA5K_11924
2023-07-10,CA5K_14414
2023-07-04,CA5K_14851
2023-07-04,CA5K_13633
2023-07-17,CA5K_08233
2023-07-27,CA5K_06377
2023-07-04,CA5K_01010
2023-07-10,CA5K_15005
2023-07-04,CA5K_12534
2023-07-16,CA5K_14357
2023-07-15,CA5K_08061
2023-07-05,CA5K_11645
2023-07-26,CA5K_00549
2023-07-04,CA5K_12103
2023-07-04,CA5K_06382
2023-07-09,CA5K_11573
2023-07-23,CA5K_03612
2023-07-28,CA5K_11558
2023-07-04,CA5K_13633
2023-07-11,CA5K_14356
2023-07-04,CA5K_13246
2023-07-02,CA5K_08815
2023-07-03,CA5K_11486
2023-07-12,CA5K_04464
2023-07-18,CA5K_00099
2023-07-25,CA5K_06190
2023-07-16,CA5K_05166
2023-07-05,CA5K_11575
2023-07-06,CA5K_13632
2023-07-29,CA5K_13911
2023-07-04,CA5K_14067
2023-07-10,CA5K_08520
2023-07-11,CA5K_11647
2023-07-25,CA5K_08407
2023-07-18,CA5K_03055
2023-07-26,CA5K_11825
2023-07-04,CA5K_05429
2023-07-01,CA5K_13882
2023-07-20,CA5K_11573
2023-07-04,CA5K_12002
2023-07-21,CA5K_01179
2023-07-05,CA5K_02531
2023-07-08,CA5K_11575
2023-07-14,CA5K_12960
2023-07-20,CA5K_07197
2023-07-12,CA5K_11825
2023-07-05,CA5K_12885
2023-07-04,CA5K_07185
2023-07-05,CA5K_05179
2023-07-22,CA5K_13051
2023-07-18,CA5K_12092
2023-07-02,CA5K_03333
2023-07-27,CA5K_13053
2023-07-05,CA5K_06035
2023-07-05,CA5K_11836
2023-07-10,CA5K_04966
2023-07-28,CA5K_11469
2023-07-08,CA5K_12612
2023-07-04,CA5K_11486
2023-07-04,CA5K_11485
2023-07-30,CA5K_12705
2023-07-04,CA5K_11558
2023-07-31,CA5K_14689
2023-07-21,CA5K_13153
2023-07-18,CA5K_11471
2023-07-25,CA5K_11736
2023-07-08,CA5K_01258
2023-07-09,CA5K_13151
2023-07-11,CA5K_12612
2023-07-13,CA5K_12694
2023-07-22,CA5K_06052
2023-07-15,CA5K_11736
2023-07-04,CA5K_08061
2023-07-04,CA5K_13537
2023-07-09,CA5K_12871
2023-07-18,CA5K_08063
2023-07-20,CA5K_08260
2023-07-04,CA5K_14268
2023-07-13,CA5K_12791
2023-07-18,CA5K_13137
2023-07-09,CA5K_13628
2023-07-07,CA5K_02643
2023-07-04,CA5K_11469
2023-07-04,CA5K_12699
2023-07-01,CA5K_13723
2023-07-22,CA5K_12958
2023-07-03,CA5K_04188
2023-07-30,CA5K_00137
2023-07-29,CA5K_11555
2023-07-11,CA5K_05701
2023-07-05,CA5K_16745
2023-07-12,CA5K_05135
2023-07-28,CA5K_01009
2023-07-26,CA5K_14075
2023-07-05,CA5K_08060
2023-07-05,CA5K_05318
2023-07-24,CA5K_04061
2023-07-01,CA5K_11469
2023-07-08,CA5K_13802
2023-07-23,CA5K_11737
2023-07-29,CA5K_13338
2023-07-11,CA5K_13628
2023-07-21,CA5K_00098
2023-07-11,CA5K_08606
2023-07-07,CA5K_12101
2023-07-03,CA5K_01663
2023-07-04,CA5K_11748
2023-07-05,CA5K_09520
2023-07-14,CA5K_11560
2023-07-10,CA5K_04467
2023-07-04,CA5K_10997
2023-07-01,CA5K_06491
2023-07-02,CA5K_02693
2023-07-08,CA5K_02467
2023-07-17,CA5K_06159
2023-07-18,CA5K_06458
2023-07-29,CA5K_06151
2023-07-11,CA5K_13793
2023-07-12,CA5K_10000
2023-07-04,CA5K_02549
2023-07-14,CA5K_06730
2023-07-05,CA5K_11485
2023-07-30,CA5K_11749
2023-07-01,CA5K_03590
2023-07-04,CA5K_13538
2023-07-10,CA5K_05889
2023-07-04,CA5K_13242
2023-07-07,CA5K_11187
2023-07-10,CA5K_15004
2023-07-10,CA5K_03599
2023-07-02,CA5K_01090
2023-07-27,CA5K_13239
2023-07-20,CA5K_01069
2023-07-04,CA5K_11923
2023-07-05,CA5K_06530
2023-07-04,CA5K_14356
2023-07-20,CA5K_13800
2023-07-24,CA5K_10129
2023-07-06,CA5K_13233
2023-07-15,CA5K_12524
2023-07-19,CA5K_11560
2023-07-30,CA5K_11839
2023-07-29,CA5K_13434
2023-07-22,CA5K_12523
2023-07-15,CA5K_12706
2023-07-05,CA5K_12958
2023-07-04,CA5K_12002
2023-07-01,CA5K_06356
2023-07-04,CA5K_13725
2023-07-15,CA5K_13052
2023-07-26,CA5K_00046
2023-07-26,CA5K_06515
2023-07-14,CA5K_12189
2023-07-26,CA5K_11825
2023-07-25,CA5K_06151
2023-07-02,CA5K_13726
2023-07-20,CA5K_03038
2023-07-05,CA5K_13341
2023-07-18,CA5K_07013
2023-07-02,CA5K_04189
2023-07-12,CA5K_11823
2023-07-10,CA5K_11663
2023-07-09,CA5K_12958
2023-07-18,CA5K_09424
2023-07-29,CA5K_03928
2023-07-15,CA5K_04592
2023-07-14,CA5K_10900
2023-07-02,CA5K_01428
2023-07-14,CA5K_11912
2023-07-25,CA5K_07015
2023-07-03,CA5K_13337
2023-07-05,CA5K_11661
2023-07-20,CA5K_10716
2023-07-15,CA5K_03113
2023-07-06,CA5K_11573
2023-07-01,CA5K_13726
2023-07-08,CA5K_04190
2023-07-17,CA5K_07348
2023-07-11,CA5K_11283
2023-07-14,CA5K_02612
2023-07-21,CA5K_07040
2023-07-15,CA5K_10807
2023-07-21,CA5K_04541
2023-07-25,CA5K_11646
2023-07-17,CA5K_14690
2023-07-23,CA5K_13054
2023-07-18,CA5K_04189
2023-07-01,CA5K_08407
2023-07-20,CA5K_12787
2023-07-26,CA5K_10799
2023-07-09,CA5K_11187
2023-07-25,CA5K_03323
2023-07-26,CA5K_09520
2023-07-05,CA5K_12102
2023-07-31,CA5K_00099
2023-07-26,CA5K_12264
2023-07-01,CA5K_00108
2023-07-11,CA5K_05747
2023-07-21,CA5K_04468
2023-07-25,CA5K_10803
2023-07-05,CA5K_11574
2023-07-16,CA5K_12958
2023-07-29,CA5K_02463
2023-07-13,CA5K_10577
2023-07-21,CA5K_12435
2023-07-04,CA5K_02701
2023-07-21,CA5K_11663
2023-07-28,CA5K_10899
2023-07-01,CA5K_12696
2023-07-16,CA5K_12958
2023-07-11,CA5K_11469
2023-07-29,CA5K_10901
2023-07-25,CA5K_11822
2023-07-14,CA5K_11024
2023-07-04,CA5K_13053
2023-07-04,CA5K_06160
2023-07-05,CA5K_05315
2023-07-05,CA5K_11836
2023-07-06,CA5K_11999
2023-07-23,CA5K_08061
2023-07-16,CA5K_11296
2023-07-05,CA5K_13152
2023-07-06,CA5K_03454
2023-07-06,CA5K_11822
2023-07-01,CA5K_08832
2023-07-05,CA5K_00047
2023-07-20,CA5K_02458
2023-07-07,CA5K_11661
2023-07-05,CA5K_02718
2023-07-31,CA5K_04320
2023-07-31,CA5K_12609
2023-07-16,CA5K_13049
2023-07-14,CA5K_15740
2023-07-26,CA5K_11378
2023-07-12,CA5K_11161
2023-07-21,CA5K_15352
2023-07-23,CA5K_04060
2023-07-01,CA5K_15386
2023-07-10,CA5K_08284
2023-07-01,CA5K_01145
2023-07-02,CA5K_04471
2023-07-24,CA5K_02800
2023-07-29,CA5K_08191
2023-07-17,CA5K_12265
2023-07-07,CA5K_11560
2023-07-21,CA5K_07598
2023-07-15,CA5K_13150
2023-07-02,CA5K_10625
2023-07-23,CA5K_07208
2023-07-14,CA5K_00324
2023-07-04,CA5K_08246
2023-07-08,CA5K_03744
2023-07-04,CA5K_11377
2023-07-29,CA5K_02605
2023-07-25,CA5K_12176
2023-07-15,CA5K_11555
2023-07-04,CA5K_07707
2023-07-17,CA5K_07357
2023-07-15,CA5K_13537
2023-07-18,CA5K_12964
2023-07-03,CA5K_14356
2023-07-04,CA5K_05312
2023-07-03,CA5K_11924
2023-07-23,CA5K_11748
2023-07-23,CA5K_12964
2023-07-11,CA5K_13250
2023-07-02,CA5K_12265
2023-07-18,CA5K_12441
2023-07-18,CA5K_13338
2023-07-24,CA5K_04592
2023-07-26,CA5K_11822
2023-07-27,CA5K_06160
2023-07-29,CA5K_12436
2023-07-23,CA5K_11469
2023-07-03,CA5K_08235
2023-07-17,CA5K_08610
2023-07-26,CA5K_03078
2023-07-12,CA5K_11558
2023-07-18,CA5K_10998
2023-07-04,CA5K_13727
2023-07-12,CA5K_06372
2023-07-24,CA5K_11469
2023-07-24,CA5K_05313
2023-07-02,CA5K_12879
2023-07-23,CA5K_13147
2023-07-31,CA5K_07740
2023-07-02,CA5K_05746
2023-07-25,CA5K_14690
2023-07-08,CA5K_11660
2023-07-22,CA5K_11825
2023-07-06,CA5K_12448
2023-07-25,CA5K_11476
2023-07-09,CA5K_13151
2023-07-04,CA5K_14666
2023-07-28,CA5K_13434
2023-07-03,CA5K_14770
2023-07-14,CA5K_00067
2023-07-18,CA5K_02125
2023-07-18,CA5K_15005
2023-07-03,CA5K_14667
2023-07-02,CA5K_04891
2023-07-15,CA5K_11645
2023-07-03,CA5K_02579
2023-07-30,CA5K_00029
2023-07-16,CA5K_11736
2023-07-18,CA5K_02001
2023-07-04,CA5K_13727
2023-07-12,CA5K_11662
2023-07-04,CA5K_00074
2023-07-29,CA5K_12787
2023-07-23,CA5K_13137
2023-07-02,CA5K_04190
2023-07-15,CA5K_09523
2023-07-17,CA5K_11469
2023-07-04,CA5K_13239
2023-07-21,CA5K_11663
2023-07-04,CA5K_11197
2023-07-20,CA5K_12876
2023-07-10,CA5K_12177
2023-07-04,CA5K_11836
2023-07-11,CA5K_11660
2023-07-01,CA5K_14770
2023-07-29,CA5K_14851
2023-07-16,CA5K_11560
2023-07-04,CA5K_02910
2023-07-05,CA5K_10029
2023-07-15,CA5K_13138
2023-07-04,CA5K_11661
2023-07-04,CA5K_14357
2023-07-06,CA5K_09121
2023-07-22,CA5K_11999
2023-07-05,CA5K_13544
2023-07-06,CA5K_06217
2023-07-08,CA5K_13820
2023-07-02,CA5K_01428
2023-07-04,CA5K_09432
2023-07-07,CA5K_11470
2023-07-04,CA5K_13055
2023-07-16,CA5K_06356
2023-07-04,CA5K_13056
2023-07-19,CA5K_04058
2023-07-04,CA5K_08274
2023-07-23,CA5K_03863
2023-07-01,CA5K_07048
2023-07-12,CA5K_13055
2023-07-26,CA5K_13048
2023-07-31,CA5K_12094
2023-07-05,CA5K_11836
2023-07-15,CA5K_08061
2023-07-18,CA5K_05752
2023-07-19,CA5K_11469
2023-07-28,CA5K_11467
2023-07-29,CA5K_13995
2023-07-18,CA5K_12707
2023-07-15,CA5K_11824
2023-07-20,CA5K_04406
2023-07-23,CA5K_05180
2023-07-23,CA5K_13052
2023-07-07,CA5K_11378
2023-07-14,CA5K_11284
2023-07-31,CA5K_01434
2023-07-01,CA5K_16822
2023-07-17,CA5K_13628
2023-07-30,CA5K_14327
2023-07-15,CA5K_13426
2023-07-09,CA5K_12961
2023-07-04,CA5K_09021
2023-07-04,CA5K_11561
2023-07-13,CA5K_06041
2023-07-28,CA5K_11378
2023-07-04,CA5K_11284
2023-07-14,CA5K_12623
2023-07-07,CA5K_13629
2023-07-04,CA5K_02980
2023-07-27,CA5K_08817
2023-07-15,CA5K_10036
2023-07-10,CA5K_04468
2023-07-20,CA5K_11578
2023-07-04,CA5K_11660
2023-07-03,CA5K_11571
2023-07-11,CA5K_13053
2023-07-04,CA5K_11661
2023-07-04,CA5K_11663
2023-07-04,CA5K_08061
2023-07-13,CA5K_08920
2023-07-30,CA5K_12695
2023-07-24,CA5K_06877
2023-07-08,CA5K_13632
2023-07-29,CA5K_13050
2023-07-15,CA5K_05750
2023-07-09,CA5K_05326
2023-07-18,CA5K_06320
2023-07-15,CA5K_11486
2023-07-08,CA5K_06715
2023-07-02,CA5K_11469
2023-07-15,CA5K_04593
2023-07-20,CA5K_11573
2023-07-10,CA5K_12524
2023-07-04,CA5K_04256
2023-07-15,CA5K_07198
2023-07-03,CA5K_10000
2023-07-07,CA5K_12101
2023-07-16,CA5K_05175
2023-07-08,CA5K_05751
2023-07-11,CA5K_11469
2023-07-14,CA5K_11915
2023-07-16,CA5K_11284
2023-07-24,CA5K_05465
2023-07-17,CA5K_12610
2023-07-01,CA5K_05725
2023-07-24,CA5K_03570
2023-07-04,CA5K_12087
2023-07-04,CA5K_13254
2023-07-05,CA5K_04310
2023-07-12,CA5K_11825
2023-07-17,CA5K_04960
2023-07-03,CA5K_04880
2023-07-06,CA5K_12278
2023-07-05,CA5K_12015
2023-07-01,CA5K_05604
2023-07-14,CA5K_08402
2023-07-04,CA5K_01775
2023-07-10,CA5K_04051
2023-07-28,CA5K_11555
2023-07-13,CA5K_12611
2023-07-04,CA5K_11663
2023-07-25,CA5K_01204
2023-07-06,CA5K_03424
2023-07-02,CA5K_09288
2023-07-02,CA5K_10764
2023-07-19,CA5K_13341
2023-07-01,CA5K_14356
2023-07-26,CA5K_07358
2023-07-03,CA5K_06208
2023-07-05,CA5K_12792
2023-07-20,CA5K_08234
2023-07-02,CA5K_13611
2023-07-22,CA5K_07376
2023-07-02,CA5K_14771
2023-07-01,CA5K_12699
2023-07-04,CA5K_00184
2023-07-04,CA5K_13152
2023-07-28,CA5K_01997
2023-07-25,CA5K_08817
2023-07-02,CA5K_01428
2023-07-04,CA5K_09018
2023-07-29,CA5K_13052
2023-07-09,CA5K_11575
2023-07-11,CA5K_12884
2023-07-24,CA5K_12958
2023-07-31,CA5K_11469
2023-07-22,CA5K_13727
2023-07-24,CA5K_07406
2023-07-29,CA5K_11555
2023-07-03,CA5K_11751
2023-07-24,CA5K_13535
2023-07-13,CA5K_12879
2023-07-11,CA5K_02658
2023-07-06,CA5K_12699
2023-07-18,CA5K_01023
2023-07-24,CA5K_08817
2023-07-27,CA5K_11825
2023-07-06,CA5K_11748
2023-07-19,CA5K_00944
2023-07-07,CA5K_11558
2023-07-11,CA5K_11469
2023-07-26,CA5K_11283
2023-07-27,CA5K_11660
2023-07-30,CA5K_05021
2023-07-17,CA5K_08246
2023-07-18,CA5K_11822
2023-07-29,CA5K_00136
2023-07-15,CA5K_09422
2023-07-10,CA5K_10009
2023-07-10,CA5K_11469
2023-07-16,CA5K_04411
2023-07-23,CA5K_10535
2023-07-15,CA5K_13628
2023-07-16,CA5K_11378
2023-07-05,CA5K_11661
2023-07-26,CA5K_11645
2023-07-15,CA5K_07107
2023-07-05,CA5K_14849
2023-07-28,CA5K_00534
2023-07-22,CA5K_01037
2023-07-04,CA5K_06699
2023-07-15,CA5K_01717
2023-07-26,CA5K_13342
2023-07-01,CA5K_02108
2023-07-07,CA5K_05922
2023-07-13,CA5K_14928
2023-07-29,CA5K_13341
2023-07-25,CA5K_06354
2023-07-04,CA5K_11470
2023-07-13,CA5K_14524
2023-07-10,CA5K_01963
2023-07-11,CA5K_14093
2023-07-10,CA5K_01172
2023-07-02,CA5K_11914
2023-07-11,CA5K_03542
2023-07-27,CA5K_13993
2023-07-12,CA5K_13052
2023-07-23,CA5K_05318
2023-07-07,CA5K_11558
2023-07-10,CA5K_11395
2023-07-12,CA5K_13056
2023-07-23,CA5K_06728
2023-07-18,CA5K_04411
2023-07-07,CA5K_05424
2023-07-08,CA5K_03862
2023-07-02,CA5K_07871
2023-07-25,CA5K_07014
2023-07-03,CA5K_06453
2023-07-30,CA5K_14356
2023-07-15,CA5K_13242
2023-07-24,CA5K_11557
2023-07-05,CA5K_11836
2023-07-04,CA5K_14851
2023-07-20,CA5K_02422
2023-07-13,CA5K_11469
2023-07-25,CA5K_05058
2023-07-11,CA5K_02545
2023-07-12,CA5K_05919
2023-07-27,CA5K_14929
2023-07-12,CA5K_07717
2023-07-03,CA5K_13152
2023-07-08,CA5K_13726
2023-07-08,CA5K_13723
2023-07-08,CA5K_06043
2023-07-15,CA5K_02175
2023-07-23,CA5K_11187
2023-07-04,CA5K_11748
2023-07-19,CA5K_12961
2023-07-23,CA5K_12612
2023-07-27,CA5K_11558
2023-07-31,CA5K_09321
2023-07-19,CA5K_04596
2023-07-26,CA5K_13050
2023-07-20,CA5K_06420
2023-07-04,CA5K_14356
2023-07-27,CA5K_09036
2023-07-04,CA5K_11749
2023-07-06,CA5K_11913
2023-07-31,CA5K_13534
2023-07-21,CA5K_11557
2023-07-21,CA5K_12435
2023-07-01,CA5K_09023
2023-07-08,CA5K_12275
2023-07-01,CA5K_04071
2023-07-21,CA5K_02709
2023-07-26,CA5K_11557
2023-07-06,CA5K_06891
2023-07-28,CA5K_04647
2023-07-21,CA5K_13053
2023-07-05,CA5K_06703
2023-07-26,CA5K_09616
2023-07-07,CA5K_12698
2023-07-31,CA5K_00135
2023-07-04,CA5K_13055
2023-07-12,CA5K_09616
2023-07-04,CA5K_13055
2023-07-09,CA5K_00249
2023-07-25,CA5K_13052
2023-07-11,CA5K_13911
2023-07-07,CA5K_13726
2023-07-04,CA5K_00099
2023-07-14,CA5K_13149
2023-07-06,CA5K_11284
2023-07-24,CA5K_02582
2023-07-04,CA5K_11821
2023-07-18,CA5K_13051
2023-07-13,CA5K_01536
2023-07-03,CA5K_03731
2023-07-17,CA5K_11186
2023-07-18,CA5K_04328
2023-07-04,CA5K_07185
2023-07-12,CA5K_10102
2023-07-07,CA5K_11663
2023-07-24,CA5K_05877
2023-07-04,CA5K_11660
2023-07-03,CA5K_02999
2023-07-12,CA5K_12176
2023-07-04,CA5K_13723
2023-07-07,CA5K_03412
2023-07-04,CA5K_13153
2023-07-17,CA5K_12610
2023-07-30,CA5K_05277
2023-07-27,CA5K_04195
2023-07-12,CA5K_13632
2023-07-04,CA5K_14771
2023-07-12,CA5K_10010
2023-07-11,CA5K_03949
2023-07-11,CA5K_05482
2023-07-16,CA5K_02358
2023-07-04,CA5K_12002
2023-07-10,CA5K_11559
2023-07-04,CA5K_11661
2023-07-11,CA5K_06365
2023-07-05,CA5K_14927
2023-07-17,CA5K_12873
2023-07-17,CA5K_02581
2023-07-28,CA5K_11574
2023-07-16,CA5K_11575
2023-07-05,CA5K_11575
2023-07-29,CA5K_13056
2023-07-06,CA5K_13628
2023-07-31,CA5K_14770
2023-07-06,CA5K_08499
2023-07-05,CA5K_06363
2023-07-15,CA5K_12265
2023-07-14,CA5K_13443
2023-07-19,CA5K_11825
2023-07-29,CA5K_04053
2023-07-03,CA5K_02796
2023-07-04,CA5K_06530
2023-07-04,CA5K_00128
2023-07-25,CA5K_13538
2023-07-04,CA5K_05889
2023-07-02,CA5K_01761
2023-07-25,CA5K_03808
2023-07-29,CA5K_06050
2023-07-29,CA5K_03880
2023-07-14,CA5K_11914
2023-07-05,CA5K_12002
2023-07-08,CA5K_11095
2023-07-20,CA5K_04185
2023-07-20,CA5K_11558
2023-07-11,CA5K_05455
2023-07-24,CA5K_08548
2023-07-17,CA5K_11825
2023-07-29,CA5K_02638
2023-07-28,CA5K_11644
2023-07-14,CA5K_11560
2023-07-14,CA5K_11469
2023-07-10,CA5K_11646
2023-07-04,CA5K_05173
2023-07-18,CA5K_07367
2023-07-10,CA5K_11186
2023-07-25,CA5K_12355
2023-07-03,CA5K_13246
2023-07-16,CA5K_06327
2023-07-09,CA5K_02638
2023-07-08,CA5K_11573
2023-07-15,CA5K_11825
2023-07-24,CA5K_11097
2023-07-02,CA5K_11644
2023-07-10,CA5K_12962
2023-07-28,CA5K_13149
2023-07-14,CA5K_13632
2023-07-14,CA5K_06325
2023-07-26,CA5K_05603
2023-07-11,CA5K_02189
2023-07-30,CA5K_11660
2023-07-30,CA5K_06720
2023-07-29,CA5K_02797
2023-07-18,CA5K_11732
2023-07-01,CA5K_04746
2023-07-01,CA5K_13723
2023-07-13,CA5K_11825
2023-07-26,CA5K_13341
2023-07-15,CA5K_14522
2023-07-24,CA5K_07070
2023-07-01,CA5K_08918
2023-07-08,CA5K_12534
2023-07-24,CA5K_02976
2023-07-04,CA5K_06544
2023-07-31,CA5K_11557
2023-07-23,CA5K_11390
2023-07-17,CA5K_13052
2023-07-07,CA5K_11194
2023-07-12,CA5K_12523
2023-07-03,CA5K_06371
2023-07-26,CA5K_12965
2023-07-07,CA5K_11559
2023-07-15,CA5K_11285
2023-07-03,CA5K_11574
2023-07-11,CA5K_04052
2023-07-07,CA5K_11375
2023-07-04,CA5K_01614
2023-07-16,CA5K_01443
2023-07-12,CA5K_03942
2023-07-28,CA5K_08061
2023-07-30,CA5K_02679
2023-07-04,CA5K_08061
2023-07-08,CA5K_11825
2023-07-16,CA5K_02795
2023-07-05,CA5K_05312
2023-07-07,CA5K_12786
2023-07-13,CA5K_13056
2023-07-07,CA5K_11575
2023-07-16,CA5K_02844
2023-07-25,CA5K_11825
2023-07-24,CA5K_13056
2023-07-04,CA5K_12958
2023-07-14,CA5K_13820
2023-07-08,CA5K_09427
2023-07-13,CA5K_10010
2023-07-15,CA5K_04894
2023-07-26,CA5K_15080
2023-07-13,CA5K_03209
2023-07-25,CA5K_11573
2023-07-03,CA5K_10900
2023-07-02,CA5K_09520
2023-07-08,CA5K_16743
2023-07-07,CA5K_12101
2023-07-05,CA5K_13052
2023-07-18,CA5K_03412
2023-07-08,CA5K_13632
2023-07-04,CA5K_13629
2023-07-25,CA5K_04221
2023-07-01,CA5K_05024
2023-07-21,CA5K_03923
2023-07-11,CA5K_12870
2023-07-11,CA5K_04312
2023-07-15,CA5K_11655
2023-07-03,CA5K_02469
2023-07-05,CA5K_02440
2023-07-13,CA5K_05015
2023-07-03,CA5K_13633
2023-07-10,CA5K_08818
2023-07-12,CA5K_10471
2023-07-04,CA5K_13263
2023-07-11,CA5K_02531
2023-07-31,CA5K_12868
2023-07-26,CA5K_03082
2023-07-10,CA5K_03438
2023-07-18,CA5K_05995
2023-07-11,CA5K_02068
2023-07-02,CA5K_07720
2023-07-05,CA5K_11663
2023-07-23,CA5K_13148
2023-07-04,CA5K_11748
2023-07-30,CA5K_13151
2023-07-14,CA5K_06530
2023-07-14,CA5K_13053
2023-07-05,CA5K_12876
2023-07-13,CA5K_13152
2023-07-05,CA5K_14851
2023-07-21,CA5K_03417
2023-07-14,CA5K_01714
2023-07-06,CA5K_11660
2023-07-29,CA5K_14857
2023-07-11,CA5K_09324
2023-07-15,CA5K_05999
2023-07-08,CA5K_11559
2023-07-05,CA5K_11748
2023-07-09,CA5K_09147
2023-07-17,CA5K_11375
2023-07-01,CA5K_13342
2023-07-31,CA5K_14269
2023-07-03,CA5K_13538
2023-07-18,CA5K_02786
2023-07-04,CA5K_11559
2023-07-13,CA5K_04548
2023-07-20,CA5K_13341
2023-07-10,CA5K_04451
2023-07-14,CA5K_13156
2023-07-20,CA5K_03436
2023-07-02,CA5K_12181
2023-07-24,CA5K_14851
2023-07-01,CA5K_06030
2023-07-12,CA5K_05889
2023-07-16,CA5K_11203
2023-07-29,CA5K_09520
2023-07-04,CA5K_14357
2023-07-13,CA5K_02179
2023-07-03,CA5K_16743
2023-07-11,CA5K_02068
2023-07-22,CA5K_10713
2023-07-31,CA5K_12869
2023-07-18,CA5K_11824
2023-07-15,CA5K_13149
2023-07-05,CA5K_10999
2023-07-07,CA5K_13974
2023-07-07,CA5K_13152
2023-07-23,CA5K_10614
2023-07-13,CA5K_11558
2023-07-09,CA5K_08712
2023-07-12,CA5K_08619
2023-07-14,CA5K_11647
2023-07-11,CA5K_12958
2023-07-26,CA5K_14355
2023-07-07,CA5K_11474
2023-07-05,CA5K_13056
2023-07-11,CA5K_03881
2023-07-10,CA5K_11661
2023-07-05,CA5K_13343
2023-07-08,CA5K_11555
2023-07-08,CA5K_11469
2023-07-14,CA5K_06531
2023-07-19,CA5K_08061
2023-07-08,CA5K_13534
2023-07-29,CA5K_12436
2023-07-10,CA5K_13051
2023-07-10,CA5K_13805
2023-07-03,CA5K_13246
2023-07-04,CA5K_11836
2023-07-06,CA5K_11915
2023-07-12,CA5K_09423
2023-07-12,CA5K_12354
2023-07-31,CA5K_04327
2023-07-25,CA5K_08817
2023-07-28,CA5K_04789
2023-07-03,CA5K_11660
2023-07-15,CA5K_03781
2023-07-15,CA5K_06156
2023-07-27,CA5K_11467
2023-07-09,CA5K_13040
2023-07-12,CA5K_05622
2023-07-10,CA5K_06158
2023-07-08,CA5K_12612
2023-07-13,CA5K_04330
2023-07-04,CA5K_03468
2023-07-14,CA5K_12961
2023-07-09,CA5K_13632
2023-07-14,CA5K_12003
2023-07-06,CA5K_04705
2023-07-05,CA5K_11284
2023-07-04,CA5K_13245
2023-07-18,CA5K_09228
2023-07-05,CA5K_11469
2023-07-19,CA5K_11661
2023-07-18,CA5K_00098
2023-07-20,CA5K_11284
2023-07-06,CA5K_14607
2023-07-09,CA5K_11574
2023-07-11,CA5K_14770
2023-07-01,CA5K_04541
2023-07-05,CA5K_05765
2023-07-25,CA5K_12002
2023-07-31,CA5K_13149
2023-07-09,CA5K_11356
2023-07-04,CA5K_14850
2023-07-03,CA5K_07376
2023-07-15,CA5K_11469
2023-07-10,CA5K_11469
2023-07-24,CA5K_11390
2023-07-25,CA5K_11295
2023-07-22,CA5K_11735
2023-07-11,CA5K_14356
2023-07-28,CA5K_12619
2023-07-05,CA5K_12792
2023-07-03,CA5K_01010
2023-07-27,CA5K_06533
2023-07-18,CA5K_15005
2023-07-17,CA5K_03942
2023-07-19,CA5K_10606
2023-07-14,CA5K_11468
2023-07-04,CA5K_00744
2023-07-21,CA5K_13137
2023-07-08,CA5K_11658
2023-07-09,CA5K_11284
2023-07-13,CA5K_01613
2023-07-21,CA5K_11375
2023-07-23,CA5K_06063
2023-07-30,CA5K_11485
2023-07-12,CA5K_08626
2023-07-05,CA5K_11914
2023-07-05,CA5K_11485
2023-07-10,CA5K_12956
2023-07-09,CA5K_12699
2023-07-01,CA5K_11565
2023-07-03,CA5K_11126
2023-07-16,CA5K_02078
2023-07-03,CA5K_00089
2023-07-04,CA5K_13163
2023-07-14,CA5K_11283
2023-07-05,CA5K_11194
2023-07-11,CA5K_06394
2023-07-31,CA5K_08547
2023-07-04,CA5K_10998
2023-07-18,CA5K_00648
2023-07-05,CA5K_11470
2023-07-14,CA5K_13054
2023-07-26,CA5K_13156
2023-07-03,CA5K_12265
2023-07-18,CA5K_11999
2023-07-05,CA5K_02717
2023-07-16,CA5K_11575
2023-07-04,CA5K_04541
2023-07-21,CA5K_01810
2023-07-08,CA5K_11646
2023-07-25,CA5K_11662
2023-07-09,CA5K_12790
2023-07-05,CA5K_13232
2023-07-04,CA5K_11835
2023-07-18,CA5K_02685
2023-07-07,CA5K_11646
2023-07-04,CA5K_13726
2023-07-30,CA5K_08432
2023-07-07,CA5K_04456
2023-07-14,CA5K_12000
2023-07-25,CA5K_03730
2023-07-14,CA5K_12088
2023-07-28,CA5K_08712
2023-07-30,CA5K_08604
2023-07-20,CA5K_12957
2023-07-29,CA5K_13055
2023-07-09,CA5K_12957
2023-07-27,CA5K_11661
2023-07-04,CA5K_11376
2023-07-02,CA5K_06867
2023-07-29,CA5K_08710
2023-07-24,CA5K_11575
2023-07-22,CA5K_08919
2023-07-07,CA5K_11825
2023-07-20,CA5K_12448
2023-07-05,CA5K_02831
2023-07-07,CA5K_14438
2023-07-24,CA5K_01337
2023-07-02,CA5K_11575
2023-07-02,CA5K_12181
2023-07-17,CA5K_01524
2023-07-12,CA5K_11469
2023-07-16,CA5K_14928
2023-07-29,CA5K_09816
2023-07-02,CA5K_13726
2023-07-17,CA5K_01461
2023-07-21,CA5K_13443
2023-07-21,CA5K_10224
2023-07-04,CA5K_07208
2023-07-16,CA5K_11735
2023-07-31,CA5K_15004
2023-07-05,CA5K_11662
2023-07-04,CA5K_14690
2023-07-07,CA5K_11469
2023-07-19,CA5K_05617
2023-07-19,CA5K_12958
2023-07-08,CA5K_13453
2023-07-02,CA5K_01428
2023-07-23,CA5K_11575
2023-07-04,CA5K_14850
2023-07-15,CA5K_06394
2023-07-12,CA5K_12782
2023-07-05,CA5K_04993
2023-07-13,CA5K_13153
2023-07-17,CA5K_11558
2023-07-04,CA5K_11912
2023-07-12,CA5K_01441
2023-07-12,CA5K_11559
2023-07-06,CA5K_14849
2023-07-09,CA5K_11748
2023-07-25,CA5K_11822
2023-07-24,CA5K_00264
2023-07-23,CA5K_11573
2023-07-02,CA5K_07719
2023-07-21,CA5K_11826
2023-07-04,CA5K_13538
2023-07-04,CA5K_03176
2023-07-04,CA5K_11663
2023-07-27,CA5K_11304
2023-07-05,CA5K_11475
2023-07-01,CA5K_00389
2023-07-30,CA5K_13338
2023-07-22,CA5K_14690
2023-07-09,CA5K_08605
2023-07-17,CA5K_11469
2023-07-28,CA5K_11835
2023-07-27,CA5K_08793
2023-07-30,CA5K_11557
2023-07-06,CA5K_11825
2023-07-04,CA5K_11748
2023-07-23,CA5K_11661
2023-07-05,CA5K_08417
2023-07-08,CA5K_06041
2023-07-19,CA5K_08443
2023-07-29,CA5K_03928
2023-07-16,CA5K_11645
2023-07-21,CA5K_12694
2023-07-08,CA5K_11469
2023-07-01,CA5K_12611
2023-07-04,CA5K_11186
2023-07-04,CA5K_08062
2023-07-11,CA5K_03923
2023-07-20,CA5K_08230
2023-07-31,CA5K_12957
2023-07-02,CA5K_01428
2023-07-06,CA5K_04051
2023-07-19,CA5K_01258
2023-07-16,CA5K_13427
2023-07-05,CA5K_11836
2023-07-04,CA5K_13726
2023-07-25,CA5K_05173
2023-07-31,CA5K_14688
2023-07-15,CA5K_15005
2023-07-02,CA5K_01428
2023-07-07,CA5K_13149
2023-07-11,CA5K_08061
2023-07-16,CA5K_08817
2023-07-03,CA5K_10646
2023-07-04,CA5K_11558
2023-07-28,CA5K_04603
2023-07-16,CA5K_14770
2023-07-18,CA5K_11186
2023-07-31,CA5K_14606
2023-07-04,CA5K_11660
2023-07-03,CA5K_13152
2023-07-01,CA5K_11284
2023-07-11,CA5K_13056
2023-07-15,CA5K_11751
2023-07-04,CA5K_04454
2023-07-01,CA5K_04456
2023-07-04,CA5K_12608
2023-07-09,CA5K_13630
2023-07-03,CA5K_12961
2023-07-21,CA5K_13723
2023-07-02,CA5K_11661
2023-07-03,CA5K_08267
2023-07-04,CA5K_13145
2023-07-01,CA5K_14606
2023-07-10,CA5K_11469
2023-07-29,CA5K_08065
2023-07-04,CA5K_10901
2023-07-28,CA5K_13053
2023-07-04,CA5K_11485
2023-07-01,CA5K_13726
2023-07-12,CA5K_00266
2023-07-03,CA5K_13340
2023-07-28,CA5K_13726
2023-07-03,CA5K_05767
2023-07-11,CA5K_14928
2023-07-20,CA5K_05469
2023-07-07,CA5K_07028
2023-07-25,CA5K_13052
2023-07-07,CA5K_12873
2023-07-06,CA5K_11185
2023-07-04,CA5K_13726
2023-07-09,CA5K_12961
2023-07-17,CA5K_11999
2023-07-13,CA5K_12957
2023-07-10,CA5K_11558
2023-07-12,CA5K_12087
2023-07-11,CA5K_13048
2023-07-16,CA5K_11822
2023-07-05,CA5K_11660
2023-07-28,CA5K_11560
2023-07-10,CA5K_11575
2023-07-29,CA5K_07175
2023-07-19,CA5K_14905
2023-07-03,CA5K_11575
2023-07-05,CA5K_11748
2023-07-13,CA5K_11647
2023-07-13,CA5K_14848
2023-07-27,CA5K_08061
2023-07-27,CA5K_10379
2023-07-20,CA5K_08817
2023-07-01,CA5K_11558
2023-07-21,CA5K_11575
2023-07-03,CA5K_14770
2023-07-04,CA5K_12787
2023-07-05,CA5K_11737
2023-07-04,CA5K_16790
2023-07-22,CA5K_07396
2023-07-04,CA5K_11913
2023-07-14,CA5K_12873
2023-07-30,CA5K_05869
2023-07-11,CA5K_14770
2023-07-24,CA5K_02687
2023-07-22,CA5K_13534
2023-07-04,CA5K_13723
2023-07-23,CA5K_11660
2023-07-05,CA5K_11660
2023-07-14,CA5K_04330
2023-07-06,CA5K_11469
2023-07-04,CA5K_13065
2023-07-09,CA5K_12961
2023-07-12,CA5K_05610
2023-07-05,CA5K_11660
2023-07-03,CA5K_12098
2023-07-06,CA5K_13152
2023-07-13,CA5K_12787
2023-07-07,CA5K_11575
2023-07-04,CA5K_11660
2023-07-03,CA5K_05729
2023-07-04,CA5K_00583
2023-07-03,CA5K_01066
2023-07-02,CA5K_11828
2023-07-12,CA5K_13515
2023-07-13,CA5K_11560
2023-07-26,CA5K_04743
2023-07-16,CA5K_06356
2023-07-03,CA5K_12869
2023-07-04,CA5K_14850
2023-07-04,CA5K_02687
2023-07-02,CA5K_03924
2023-07-04,CA5K_04679
2023-07-01,CA5K_01297
2023-07-15,CA5K_09036
2023-07-10,CA5K_04555
2023-07-04,CA5K_11836
2023-07-23,CA5K_13641
2023-07-11,CA5K_13335
2023-07-08,CA5K_00494
2023-07-23,CA5K_11924
2023-07-16,CA5K_02119
2023-07-04,CA5K_11284
2023-07-07,CA5K_06285
2023-07-04,CA5K_11736
2023-07-30,CA5K_05899
2023-07-19,CA5K_02601
2023-07-30,CA5K_00707
2023-07-11,CA5K_05450
2023-07-23,CA5K_14851
2023-07-06,CA5K_02579
2023-07-13,CA5K_08725
2023-07-05,CA5K_11560
2023-07-21,CA5K_13537
2023-07-04,CA5K_12523
2023-07-06,CA5K_11737
2023-07-21,CA5K_06517
2023-07-04,CA5K_11825
2023-07-22,CA5K_11663
2023-07-04,CA5K_13059
2023-07-19,CA5K_02751
2023-07-02,CA5K_03967
2023-07-03,CA5K_12958
2023-07-17,CA5K_12970
2023-07-02,CA5K_11469
2023-07-23,CA5K_01007
2023-07-13,CA5K_11912
2023-07-16,CA5K_12873
2023-07-31,CA5K_13627
2023-07-27,CA5K_10806
2023-07-25,CA5K_12957
2023-07-04,CA5K_12179
2023-07-26,CA5K_12961
2023-07-06,CA5K_15064
2023-07-05,CA5K_11912
2023-07-04,CA5K_13815
2023-07-18,CA5K_13538
2023-07-05,CA5K_15005
2023-07-24,CA5K_02786
2023-07-22,CA5K_01904
2023-07-04,CA5K_11659
2023-07-19,CA5K_14521
2023-07-28,CA5K_12787
2023-07-15,CA5K_12958
2023-07-01,CA5K_11469
2023-07-15,CA5K_09018
2023-07-10,CA5K_11559
2023-07-21,CA5K_07199
2023-07-27,CA5K_11825
2023-07-12,CA5K_12954
2023-07-28,CA5K_03731
2023-07-01,CA5K_12699
2023-07-07,CA5K_13538
2023-07-18,CA5K_12706
2023-07-18,CA5K_13147
2023-07-13,CA5K_13150
2023-07-10,CA5K_11284
2023-07-21,CA5K_02621
2023-07-29,CA5K_04706
2023-07-03,CA5K_14925
2023-07-03,CA5K_09123
2023-07-04,CA5K_11836
2023-07-05,CA5K_08417
2023-07-04,CA5K_12876
2023-07-26,CA5K_00779
2023-07-22,CA5K_12003
2023-07-18,CA5K_13150
2023-07-24,CA5K_05279
2023-07-31,CA5K_05921
2023-07-10,CA5K_06034
2023-07-04,CA5K_09018
2023-07-05,CA5K_13820
2023-07-24,CA5K_11733
2023-07-09,CA5K_06006
2023-07-22,CA5K_10996
2023-07-05,CA5K_07226
2023-07-17,CA5K_14356
2023-07-12,CA5K_00943
2023-07-27,CA5K_00281
2023-07-24,CA5K_11645
2023-07-16,CA5K_10443
2023-07-06,CA5K_02831
