date,lat,lon,confidence
2023-07-01,40.73793,-122.32553,66
2023-07-01,38.56992,-120.43704,66
2023-07-01,38.06268,-119.92284,66
2023-07-01,38.05912,-119.92391,66
2023-07-01,38.05811,-119.91862,66
2023-07-01,38.05558,-119.92506,66
2023-07-01,38.05204,-119.92621,66
2023-07-01,38.05103,-119.92091,66
2023-07-01,38.04851,-119.9274,66
2023-07-01,38.0475,-119.92215,66
2023-07-01,38.04396,-119.92332,66
2023-07-01,38.21678,-121.98554,66
2023-07-01,38.30183,-122.74944,66
2023-07-01,38.16172,-122.56721,66
2023-07-01,38.07037,-122.13995,66
2023-07-01,37.81364,-120.7565,66
2023-07-01,37.88495,-121.18747,66
2023-07-01,38.00341,-121.93543,66
2023-07-01,37.75404,-121.65955,66
2023-07-01,37.38901,-120.50127,66
2023-07-01,37.45629,-121.93217,66
2023-07-01,37.21168,-121.90372,66
2023-07-01,36.04836,-118.98479,66
2023-07-01,36.04453,-118.98601,66
2023-07-01,36.04831,-118.98568,66
2023-07-01,34.62122,-117.09934,66
2023-07-01,34.60942,-117.33576,66
2023-07-01,34.35439,-116.85302,66
2023-07-01,33.71001,-114.52215,66
2023-07-01,33.70963,-114.54253,90
2023-07-01,33.70492,-114.52396,66
2023-07-01,33.71057,-114.54626,66
2023-07-01,33.70921,-114.52137,90
2023-07-01,33.70964,-114.54556,66
2023-07-01,33.70872,-114.54184,90
2023-07-01,33.70413,-114.52319,66
2023-07-01,34.14232,-117.42963,66
2023-07-01,34.3353,-118.52122,66
2023-07-01,34.32016,-118.51117,66
2023-07-01,34.2437,-118.38256,66
2023-07-01,34.15451,-118.1925,66
2023-07-01,33.79414,-117.47444,66
2023-07-01,41.59404,-123.269,66
2023-07-01,38.05667,-119.92046,66
2023-07-01,38.06166,-119.91489,66
2023-07-01,38.06111,-119.9212,66
2023-07-01,39.66009,-121.89211,66
2023-07-02,40.9045,-122.82883,66
2023-07-02,38.71424,-121.49229,66
2023-07-02,38.06411,-119.91829,66
2023-07-02,38.06148,-119.92344,66
2023-07-02,38.06082,-119.91909,66
2023-07-02,38.05819,-119.92424,66
2023-07-02,38.05753,-119.91988,66
2023-07-02,38.05489,-119.92503,66
2023-07-02,38.05423,-119.92066,66
2023-07-02,38.05159,-119.92581,66
2023-07-02,38.31405,-121.83284,66
2023-07-02,38.21568,-121.98394,66
2023-07-02,38.30214,-122.75005,66
2023-07-02,38.29971,-122.74709,66
2023-07-02,38.16142,-122.56422,66
2023-07-02,38.06995,-122.13776,66
2023-07-02,38.00396,-121.93388,66
2023-07-02,37.88468,-121.18358,66
2023-07-02,37.88131,-121.18433,66
2023-07-02,37.75491,-121.66225,66
2023-07-02,37.45646,-121.93143,66
2023-07-02,37.45303,-121.93217,66
2023-07-02,37.21367,-121.90186,66
2023-07-02,37.18309,-121.68063,66
2023-07-02,36.46689,-119.48968,66
2023-07-02,34.62176,-117.10285,66
2023-07-02,34.60951,-117.33726,66
2023-07-02,34.43042,-118.64361,66
2023-07-02,34.33577,-118.51922,66
2023-07-02,34.14196,-117.42987,66
2023-07-02,34.32314,-118.52705,66
2023-07-02,34.24151,-118.38125,66
2023-07-02,34.2926,-118.8007,66
2023-07-02,34.28926,-118.80148,66
2023-07-02,34.11495,-117.92377,66
2023-07-02,34.15228,-118.19356,66
2023-07-02,34.04097,-117.82298,66
2023-07-02,33.87668,-117.00044,66
2023-07-02,34.03412,-118.10501,66
2023-07-02,33.79276,-117.47656,66
2023-07-02,33.85212,-118.33108,66
2023-07-02,33.71494,-117.71025,66
2023-07-02,32.59627,-117.01072,66
2023-07-02,36.37459,-121.26442,66
2023-07-02,38.0514,-119.92678,66
2023-07-02,38.05083,-119.92461,66
2023-07-02,38.06202,-119.92161,66
2023-07-02,38.10729,-120.78363,90
2023-07-02,38.11072,-120.78432,90
2023-07-02,38.1101,-120.78905,90
2023-07-02,38.06433,-121.49546,66
2023-07-03,38.05948,-119.92216,66
2023-07-03,38.0626,-119.9233,66
2023-07-03,38.05874,-119.92398,66
2023-07-03,38.05487,-119.92457,66
2023-07-03,38.05099,-119.92513,66
2023-07-03,38.17471,-121.65999,66
2023-07-03,38.06191,-121.49875,66
2023-07-03,38.06145,-121.4939,66
2023-07-03,38.07203,-122.1396,66
2023-07-03,37.88296,-121.1856,66
2023-07-03,37.88147,-121.18739,66
2023-07-03,37.94981,-122.40128,66
2023-07-03,37.4555,-121.93215,66
2023-07-03,35.62764,-118.95983,66
2023-07-03,35.627,-118.95471,66
2023-07-03,35.62404,-118.96047,66
2023-07-03,35.62341,-118.95539,66
2023-07-03,35.61981,-118.95606,66
2023-07-03,35.62045,-118.96116,66
2023-07-03,35.32662,-118.98744,66
2023-07-03,35.02832,-118.3151,66
2023-07-03,38.06099,-121.48904,66
2023-07-03,38.55748,-121.52322,66
2023-07-03,38.31483,-121.83549,66
2023-07-03,38.06334,-119.92149,66
2023-07-03,34.6206,-117.09865,66
2023-07-03,34.60884,-117.33608,66
2023-07-03,34.4288,-118.64476,66
2023-07-03,34.33334,-118.51971,66
2023-07-03,34.32347,-118.52617,66
2023-07-03,34.31817,-118.51326,66
2023-07-03,34.24358,-118.38137,66
2023-07-03,34.29156,-118.8043,66
2023-07-03,34.15305,-118.19473,66
2023-07-03,34.0394,-117.8213,66
2023-07-03,34.03671,-118.10557,66
2023-07-03,33.87632,-116.9978,66
2023-07-03,33.79517,-117.47431,66
2023-07-03,33.79181,-117.47502,66
2023-07-03,33.54074,-116.02924,66
2023-07-03,33.71714,-117.71091,66
2023-07-03,38.05713,-119.92196,66
2023-07-03,38.05639,-119.92645,66
2023-07-03,38.06044,-119.92285,66
2023-07-03,38.05308,-119.92553,66
2023-07-04,38.05912,-119.92337,66
2023-07-04,38.05463,-119.93189,66
2023-07-04,38.05019,-119.93096,66
2023-07-04,38.04013,-119.93166,66
2023-07-04,38.0592,-121.49341,66
2023-07-04,38.01541,-122.11477,66
2023-07-04,37.88156,-121.18784,66
2023-07-04,36.54,-120.28725,66
2023-07-04,34.60774,-117.33524,66
2023-07-04,34.33393,-118.5225,66
2023-07-04,34.1528,-118.19472,66
2023-07-04,33.79435,-117.47562,66
2023-07-04,38.05896,-119.92664,66
2023-07-04,38.05311,-119.92978,66
2023-07-04,38.06065,-119.92241,66
2023-07-04,38.05626,-119.93047,66
2023-07-04,38.05475,-119.92536,66
2023-07-04,36.93576,-120.22482,66
2023-07-04,35.82228,-120.28217,66
2023-07-04,38.04833,-119.92747,66
2023-07-04,38.05217,-119.92901,66
2023-07-04,38.05736,-119.92396,66
2023-07-04,38.05599,-119.93066,66
2023-07-04,38.06121,-119.92546,66
2023-07-04,38.06507,-119.92691,66
2023-07-04,38.05907,-119.9251,66
2023-07-04,38.0629,-119.92669,66
2023-07-05,38.05648,-119.934,66
2023-07-05,38.05,-119.93405,66
2023-07-05,38.04351,-119.93331,66
2023-07-05,38.04966,-119.93304,66
2023-07-05,38.04316,-119.93222,66
2023-07-05,36.33735,-119.27779,66
2023-07-05,34.60579,-117.33835,66
2023-07-05,34.33607,-118.52267,66
2023-07-05,33.66053,-114.52044,66
2023-07-05,38.06327,-119.92845,66
2023-07-05,38.05854,-119.93053,66
2023-07-05,38.05373,-119.93234,66
2023-07-05,38.05224,-119.92641,66
2023-07-05,38.04894,-119.93423,66
2023-07-05,38.04755,-119.92867,66
2023-07-05,38.04414,-119.93609,66
2023-07-05,38.31328,-121.83358,66
2023-07-05,37.87598,-120.47716,66
2023-07-05,37.87128,-120.47894,66
2023-07-05,36.90143,-120.13437,66
2023-07-05,34.60876,-117.33858,66
2023-07-05,34.60979,-117.33854,66
2023-07-05,33.65885,-114.51723,66
2023-07-05,34.43521,-118.35576,66
2023-07-05,34.4339,-118.35101,66
2023-07-05,34.43011,-118.35292,66
2023-07-05,34.33228,-118.51868,66
2023-07-05,37.55385,-120.89314,66
2023-07-05,37.60626,-120.89156,66
2023-07-05,38.04459,-119.9287,90
2023-07-05,38.04552,-119.92501,66
2023-07-05,38.05036,-119.92725,90
2023-07-05,38.0493,-119.93143,90
2023-07-05,38.05505,-119.93009,90
2023-07-05,38.05608,-119.92603,66
2023-07-05,38.06078,-119.92883,66
2023-07-05,38.51317,-121.87933,66
2023-07-05,38.52793,-121.89072,66
2023-07-05,39.13826,-121.94891,66
2023-07-05,39.13911,-121.94616,66
2023-07-05,38.04035,-119.92375,90
2023-07-05,38.04015,-119.9302,66
2023-07-05,38.04666,-119.92417,90
2023-07-05,38.04646,-119.93017,66
2023-07-05,38.04631,-119.93479,66
2023-07-05,38.05299,-119.92394,90
2023-07-05,38.0528,-119.9297,90
2023-07-05,38.05265,-119.9344,66
2023-07-05,38.05931,-119.92382,66
2023-07-05,38.05914,-119.92919,66
2023-07-05,38.04887,-119.92743,90
2023-07-05,38.04872,-119.93258,90
2023-07-05,38.04906,-119.92007,66
2023-07-05,38.0552,-119.92696,90
2023-07-05,38.05505,-119.93215,66
2023-07-05,39.7972,-123.27872,66
2023-07-06,40.73826,-122.32522,66
2023-07-06,38.05943,-119.92838,66
2023-07-06,38.05566,-119.92973,66
2023-07-06,38.05188,-119.93108,66
2023-07-06,38.05299,-119.93642,66
2023-07-06,38.04809,-119.93236,66
2023-07-06,38.0492,-119.93767,66
2023-07-06,38.04692,-119.92676,66
2023-07-06,38.04429,-119.93356,66
2023-07-06,38.04314,-119.92805,66
2023-07-06,38.04049,-119.9348,66
2023-07-06,38.05112,-119.93285,66
2023-07-06,38.04999,-119.92731,66
2023-07-06,38.04732,-119.93408,66
2023-07-06,38.04622,-119.9287,66
2023-07-06,38.04843,-119.9395,66
2023-07-06,38.04496,-119.92254,66
2023-07-06,38.04353,-119.93533,66
2023-07-06,38.04242,-119.92991,66
2023-07-06,37.8819,-121.18629,66
2023-07-06,38.0049,-121.93631,66
2023-07-06,38.0022,-121.93449,66
2023-07-06,37.75483,-121.6611,66
2023-07-06,36.27048,-118.98897,66
2023-07-06,36.5404,-120.28418,66
2023-07-06,34.62066,-117.09877,66
2023-07-06,34.60603,-117.33586,66
2023-07-06,34.60639,-117.33778,66
2023-07-06,34.42887,-118.64596,66
2023-07-06,34.33429,-118.52015,66
2023-07-06,34.31846,-118.51326,66
2023-07-06,34.29246,-118.79976,66
2023-07-06,34.15307,-118.19128,66
2023-07-06,32.74854,-114.57388,90
2023-07-06,33.00984,-115.60873,66
2023-07-06,35.53396,-115.45166,90
2023-07-06,37.86971,-120.2149,90
2023-07-06,37.86752,-120.22221,66
2023-07-06,37.86808,-120.21647,90
2023-07-06,37.87421,-120.2196,66
2023-07-06,38.0406,-119.92576,66
2023-07-06,38.04875,-119.92849,66
2023-07-06,39.00829,-121.67606,90
2023-07-06,39.00599,-121.68336,66
2023-07-06,39.00337,-121.67512,66
2023-07-06,39.00972,-121.67838,66
2023-07-06,39.10483,-121.63455,66
2023-07-06,39.01485,-121.96521,66
2023-07-06,39.10633,-121.64107,66
2023-07-06,39.01722,-121.96307,66
2023-07-06,39.14139,-121.94907,90
2023-07-06,39.14199,-121.95069,90
2023-07-06,39.82257,-121.97746,66
2023-07-06,39.82484,-121.97988,66
2023-07-06,39.8523,-121.98594,66
2023-07-06,35.14666,-118.11348,90
2023-07-06,35.14638,-118.11744,66
2023-07-06,35.14614,-118.11367,90
2023-07-06,35.14589,-118.11765,90
2023-07-06,37.86938,-120.20984,66
2023-07-06,37.86894,-120.21584,66
2023-07-06,37.8685,-120.22204,66
2023-07-06,38.034,-119.9343,66
2023-07-06,38.0393,-119.92892,90
2023-07-06,38.03984,-119.92147,66
2023-07-06,38.04419,-119.92938,66
2023-07-06,38.0491,-119.92958,66
2023-07-06,38.04869,-119.93526,66
2023-07-06,38.05402,-119.92965,66
2023-07-06,39.00166,-121.67934,66
2023-07-06,39.00356,-121.67665,66
2023-07-06,39.00805,-121.67724,66
2023-07-06,39.10202,-121.63777,66
2023-07-06,39.14136,-121.95151,90
2023-07-06,39.14183,-121.94601,66
2023-07-06,39.18848,-121.95927,66
2023-07-06,39.65799,-122.11033,66
2023-07-06,39.65752,-122.11584,66
2023-07-06,39.82279,-121.97941,66
2023-07-06,39.84903,-121.98868,66
2023-07-07,40.73613,-122.32553,66
2023-07-07,39.85268,-121.989,66
2023-07-07,39.84933,-121.9898,66
2023-07-07,39.65759,-122.11601,66
2023-07-07,38.05898,-119.92938,66
2023-07-07,38.05569,-119.93025,66
2023-07-07,38.0524,-119.93115,66
2023-07-07,38.05169,-119.92683,66
2023-07-07,38.04911,-119.93201,66
2023-07-07,38.04652,-119.93714,66
2023-07-07,38.04512,-119.92859,66
2023-07-07,38.04182,-119.92945,66
2023-07-07,38.03995,-119.93893,66
2023-07-07,38.03924,-119.93461,66
2023-07-07,38.03667,-119.9398,66
2023-07-07,38.03595,-119.93547,66
2023-07-07,38.31472,-121.83421,66
2023-07-07,37.75943,-119.56509,66
2023-07-07,38.06097,-121.49374,66
2023-07-07,37.88234,-121.18587,66
2023-07-07,38.01477,-122.11205,66
2023-07-07,37.44426,-120.79884,66
2023-07-07,36.70351,-119.89332,66
2023-07-07,36.02331,-119.12163,66
2023-07-07,34.6228,-117.10178,66
2023-07-07,34.60678,-117.33717,66
2023-07-07,34.35373,-116.85074,66
2023-07-07,34.43044,-118.64645,66
2023-07-07,34.14293,-117.42983,66
2023-07-07,34.33462,-118.51971,66
2023-07-07,34.32504,-118.5277,66
2023-07-07,34.31874,-118.5137,66
2023-07-07,34.07953,-117.50282,66
2023-07-07,34.07761,-117.49924,66
2023-07-07,34.29157,-118.80145,66
2023-07-07,33.87476,-116.99738,66
2023-07-07,33.79556,-117.47601,66
2023-07-07,38.03806,-119.9351,66
2023-07-07,38.04185,-119.93558,66
2023-07-07,38.04621,-119.93089,66
2023-07-07,38.04565,-119.93604,66
2023-07-07,39.00142,-121.43594,66
2023-07-07,39.14393,-121.9555,66
2023-07-07,39.65527,-121.78884,66
2023-07-07,39.65464,-121.79404,66
2023-07-08,38.05217,-119.92982,66
2023-07-08,38.04927,-119.93621,66
2023-07-08,38.04857,-119.93047,66
2023-07-08,38.04568,-119.9369,66
2023-07-08,38.04498,-119.93113,66
2023-07-08,38.04209,-119.93755,66
2023-07-08,38.03849,-119.93811,66
2023-07-08,38.0707,-122.13879,66
2023-07-08,37.88511,-121.18679,66
2023-07-08,37.9495,-122.40051,66
2023-07-08,37.945,-122.39676,66
2023-07-08,37.60003,-120.60749,66
2023-07-08,37.45634,-121.93495,66
2023-07-08,37.13585,-120.32014,66
2023-07-08,36.35133,-119.59048,66
2023-07-08,36.35138,-119.59215,66
2023-07-08,34.62355,-117.10302,66
2023-07-08,34.6229,-117.09885,66
2023-07-08,34.88595,-118.88906,66
2023-07-08,34.88261,-118.88999,66
2023-07-08,34.88324,-118.89449,66
2023-07-08,34.88197,-118.88549,66
2023-07-08,34.87926,-118.89089,66
2023-07-08,34.82122,-118.75726,66
2023-07-08,34.82,-118.74871,66
2023-07-08,34.6092,-117.33713,66
2023-07-08,34.56683,-118.15385,66
2023-07-08,34.35305,-116.85329,66
2023-07-08,34.42891,-118.64509,66
2023-07-08,34.33635,-118.51743,66
2023-07-08,34.33363,-118.52233,66
2023-07-08,34.33302,-118.51815,66
2023-07-08,34.32422,-118.5286,66
2023-07-08,34.31844,-118.51254,66
2023-07-08,34.14145,-117.42852,66
2023-07-08,34.24413,-118.3802,66
2023-07-08,34.29065,-118.8038,66
2023-07-08,34.11636,-117.92651,66
2023-07-08,34.15316,-118.19434,66
2023-07-08,34.10419,-118.48105,66
2023-07-08,33.87698,-116.99857,66
2023-07-08,34.03485,-118.10632,66
2023-07-08,33.79292,-117.47691,66
2023-07-08,38.03192,-119.93573,66
2023-07-08,38.03717,-119.92351,66
2023-07-08,38.03521,-119.93652,66
2023-07-08,38.03784,-119.94166,90
2023-07-08,38.04045,-119.92431,66
2023-07-08,38.03719,-119.94599,66
2023-07-08,38.04178,-119.9381,66
2023-07-08,38.04113,-119.94244,66
2023-07-08,38.04048,-119.94677,66
2023-07-08,38.04572,-119.93454,66
2023-07-08,38.04507,-119.93887,66
2023-07-08,38.50097,-121.72533,66
2023-07-08,39.65415,-121.79013,66
2023-07-08,39.66886,-121.82708,66
2023-07-08,39.66813,-121.83159,66
2023-07-09,38.0462,-119.94054,66
2023-07-09,38.04562,-119.93327,66
2023-07-09,38.04051,-119.92714,66
2023-07-09,38.03596,-119.92816,66
2023-07-09,38.04631,-119.93595,66
2023-07-09,38.04171,-119.93626,66
2023-07-09,38.04111,-119.92923,66
2023-07-09,38.03607,-119.92449,66
2023-07-09,38.01385,-122.11475,66
2023-07-09,37.99288,-121.86525,66
2023-07-09,37.76101,-119.56664,66
2023-07-09,37.95245,-122.39956,66
2023-07-09,35.42589,-119.41328,66
2023-07-09,35.42157,-119.41388,66
2023-07-09,35.42205,-119.41886,66
2023-07-09,34.62307,-117.10181,66
2023-07-09,34.60746,-117.33448,66
2023-07-09,34.43234,-118.64424,66
2023-07-09,34.42828,-118.6451,66
2023-07-09,34.33348,-118.51922,66
2023-07-09,34.32046,-118.51281,66
2023-07-09,34.2941,-118.80435,66
2023-07-09,34.24466,-118.3827,66
2023-07-09,34.15551,-118.19672,66
2023-07-09,34.07903,-117.50216,66
2023-07-09,34.15339,-118.19208,66
2023-07-09,33.7934,-117.47356,66
2023-07-09,33.85356,-118.33124,66
2023-07-09,38.04272,-119.93668,66
2023-07-09,38.04714,-119.93913,66
2023-07-09,38.04557,-119.9341,66
2023-07-09,37.76172,-119.56293,66
2023-07-09,38.0313,-119.93777,66
2023-07-09,38.03708,-119.92755,66
2023-07-09,38.03493,-119.93884,66
2023-07-09,38.03961,-119.92501,66
2023-07-09,40.73839,-123.0069,66
2023-07-10,38.04898,-119.92896,66
2023-07-10,35.42301,-119.41587,66
2023-07-10,34.60727,-117.33576,66
2023-07-10,34.43062,-118.6468,66
2023-07-10,34.33606,-118.52236,66
2023-07-10,34.33338,-118.52242,66
2023-07-10,34.29242,-118.80235,66
2023-07-10,34.15178,-118.19408,66
2023-07-10,34.04078,-117.82259,66
2023-07-10,33.90837,-118.41159,66
2023-07-10,33.71526,-117.71141,66
2023-07-10,33.61333,-117.82555,66
2023-07-10,37.75835,-119.56435,66
2023-07-10,37.88166,-121.18467,66
2023-07-10,38.01473,-122.11097,66
2023-07-10,35.42341,-119.41433,66
2023-07-10,35.42457,-119.41233,66
2023-07-10,34.62244,-117.10328,66
2023-07-10,34.61956,-117.10258,66
2023-07-10,34.61065,-117.3373,66
2023-07-10,34.60416,-117.33955,66
2023-07-10,34.60598,-117.33795,66
2023-07-10,34.1516,-118.19272,66
2023-07-10,34.29235,-118.8029,66
2023-07-10,34.18008,-119.07668,66
2023-07-10,34.18333,-119.08472,66
2023-07-10,34.17259,-119.12974,66
2023-07-10,36.93268,-121.71795,66
2023-07-10,36.9333,-121.71396,66
2023-07-10,36.93226,-121.7179,66
2023-07-10,36.95995,-121.763,66
2023-07-10,36.96508,-121.76491,66
2023-07-10,36.9722,-121.75916,66
2023-07-10,38.02525,-120.59138,66
2023-07-10,38.50147,-121.72597,90
2023-07-10,38.50061,-121.72208,66
2023-07-10,38.49967,-121.72572,66
2023-07-10,38.49629,-122.01506,90
2023-07-10,38.5368,-121.89933,66
2023-07-10,38.92377,-121.58479,66
2023-07-10,38.97025,-121.52631,66
2023-07-10,39.14505,-121.94962,90
2023-07-10,39.14411,-121.95325,90
2023-07-10,39.39188,-122.00365,66
2023-07-10,39.65524,-122.11668,90
2023-07-10,39.65617,-122.11308,66
2023-07-10,39.82432,-122.04169,66
2023-07-10,39.82913,-122.04372,66
2023-07-10,38.92394,-121.58449,66
2023-07-10,39.14598,-121.94727,66
2023-07-10,39.14579,-121.95342,66
2023-07-10,39.65349,-122.11541,66
2023-07-10,39.82842,-122.03772,90
2023-07-10,39.82602,-122.03445,66
2023-07-10,39.82585,-122.04067,66
2023-07-11,34.82098,-118.75263,66
2023-07-11,34.6105,-117.34225,66
2023-07-11,34.33645,-118.52371,66
2023-07-11,34.15381,-118.19615,66
2023-07-11,33.812,-118.2355,66
2023-07-11,33.81054,-118.23459,66
2023-07-11,38.91463,-122.30296,66
2023-07-11,38.91092,-122.30367,66
2023-07-11,38.60397,-121.46956,66
2023-07-11,38.31385,-121.83413,66
2023-07-11,37.76378,-119.5626,66
2023-07-11,37.76043,-119.56783,66
2023-07-11,37.88152,-121.18432,66
2023-07-11,38.01576,-122.11314,66
2023-07-11,37.94302,-122.39543,66
2023-07-11,37.36119,-120.59893,66
2023-07-11,37.45371,-121.93495,66
2023-07-11,36.95936,-120.38026,66
2023-07-11,34.62125,-117.10288,66
2023-07-11,34.60938,-117.33806,66
2023-07-11,34.35279,-116.85492,66
2023-07-11,34.8178,-118.74963,66
2023-07-11,34.33511,-118.51968,66
2023-07-11,34.15159,-118.19524,66
2023-07-11,34.15073,-118.19171,66
2023-07-11,34.29325,-118.80386,66
2023-07-11,33.79539,-117.47533,66
2023-07-11,33.82128,-118.24561,66
2023-07-11,33.81208,-118.22997,66
2023-07-11,33.80478,-118.24397,66
2023-07-11,33.61195,-117.82266,66
2023-07-11,32.93538,-115.32735,90
2023-07-11,32.8834,-115.7079,66
2023-07-11,33.27975,-115.56485,66
2023-07-11,33.82959,-117.2599,90
2023-07-11,33.82839,-117.2644,66
2023-07-11,33.83517,-117.26202,90
2023-07-11,33.83397,-117.26652,66
2023-07-11,38.44207,-120.98846,90
2023-07-11,38.44392,-120.98213,66
2023-07-11,38.44073,-120.98765,90
2023-07-11,38.44258,-120.98146,66
2023-07-11,39.28771,-121.60316,66
2023-07-11,39.28666,-121.60157,66
2023-07-11,39.65882,-121.88696,66
2023-07-11,39.72889,-122.05,66
2023-07-11,39.82847,-122.03699,66
2023-07-11,39.82664,-122.04308,66
2023-07-11,39.82616,-122.03828,66
2023-07-11,32.86147,-115.45187,66
2023-07-11,33.36959,-117.41734,66
2023-07-11,33.36931,-117.42236,66
2023-07-11,33.37517,-117.42348,66
2023-07-11,33.38157,-117.41506,66
2023-07-11,33.367,-117.42125,66
2023-07-11,33.37287,-117.42221,66
2023-07-11,33.37923,-117.41359,66
2023-07-11,33.38507,-117.41542,66
2023-07-11,33.75098,-117.34194,66
2023-07-11,33.75072,-117.34701,66
2023-07-11,33.75665,-117.34749,66
2023-07-11,33.82912,-117.26527,66
2023-07-11,35.30085,-118.6918,66
2023-07-11,36.88199,-119.21419,90
2023-07-11,37.76077,-119.55894,66
2023-07-11,37.76052,-119.56328,66
2023-07-11,37.76607,-119.56163,66
2023-07-11,37.76173,-119.56122,90
2023-07-11,37.76152,-119.56522,90
2023-07-11,39.28518,-121.60074,66
2023-07-11,39.65764,-121.884,66
2023-07-11,39.72914,-122.05092,66
2023-07-11,39.72755,-122.05183,66
2023-07-11,39.82576,-122.04212,66
2023-07-11,39.82839,-122.04414,66
2023-07-12,40.73516,-122.32377,66
2023-07-12,38.73333,-120.80277,66
2023-07-12,38.30184,-122.75003,66
2023-07-12,37.76475,-119.56231,66
2023-07-12,37.76212,-119.5677,66
2023-07-12,37.76128,-119.56301,66
2023-07-12,37.75863,-119.56827,66
2023-07-12,38.16158,-122.56599,66
2023-07-12,38.07018,-122.13702,66
2023-07-12,37.88372,-121.18724,66
2023-07-12,38.0153,-122.11482,66
2023-07-12,38.01461,-122.11047,66
2023-07-12,37.75486,-121.66134,66
2023-07-12,37.45506,-121.93218,66
2023-07-12,36.87922,-119.21698,66
2023-07-12,37.1856,-121.68113,66
2023-07-12,37.21148,-121.90035,66
2023-07-12,35.57982,-119.64859,66
2023-07-12,34.62055,-117.10082,66
2023-07-12,34.60702,-117.33809,66
2023-07-12,34.81863,-118.75083,66
2023-07-12,34.35262,-116.85369,66
2023-07-12,34.52331,-118.58822,66
2023-07-12,34.52397,-118.58917,66
2023-07-12,34.42842,-118.64481,66
2023-07-12,34.42944,-118.64551,66
2023-07-12,34.14311,-117.42728,66
2023-07-12,34.33386,-118.52254,66
2023-07-12,34.32262,-118.52598,66
2023-07-12,34.32027,-118.51429,66
2023-07-12,34.29102,-118.8017,66
2023-07-12,34.1535,-118.195,66
2023-07-12,33.79344,-117.47746,66
2023-07-12,33.85214,-118.33286,66
2023-07-12,33.7159,-117.71148,66
2023-07-12,33.61232,-117.82355,66
2023-07-12,33.43643,-117.40853,66
2023-07-12,33.43242,-117.40984,66
2023-07-12,33.43675,-117.43028,66
2023-07-12,33.43152,-117.40562,66
2023-07-12,32.8561,-117.14717,66
2023-07-12,32.59861,-117.01238,66
2023-07-12,35.57519,-115.48164,66
2023-07-12,35.5587,-115.47138,66
2023-07-12,35.57565,-115.48431,66
2023-07-12,33.4273,-117.41074,66
2023-07-12,33.4367,-117.40677,66
2023-07-12,34.17724,-117.32814,66
2023-07-12,35.93769,-121.15067,66
2023-07-12,35.93707,-121.15623,66
2023-07-12,35.94582,-121.14642,66
2023-07-12,37.76283,-119.56122,66
2023-07-12,37.7624,-119.56559,66
2023-07-12,37.7632,-119.56464,90
2023-07-12,37.76361,-119.56018,66
2023-07-12,37.7727,-119.55313,66
2023-07-12,37.77731,-119.54888,66
2023-07-12,37.77683,-119.55415,66
2023-07-12,37.78145,-119.54978,66
2023-07-12,37.78098,-119.55491,66
2023-07-12,37.78517,-119.55526,66
2023-07-12,39.2866,-121.6025,66
2023-07-12,39.72785,-122.05368,66
2023-07-12,39.7924,-121.95151,66
2023-07-12,39.83208,-121.97689,66
2023-07-12,39.82495,-122.04208,66
2023-07-13,38.31472,-121.83295,66
2023-07-13,37.78521,-119.55823,66
2023-07-13,37.78121,-119.55439,66
2023-07-13,37.77786,-119.55515,66
2023-07-13,37.77451,-119.55595,66
2023-07-13,37.77117,-119.55679,66
2023-07-13,37.77181,-119.56137,66
2023-07-13,37.76783,-119.55766,66
2023-07-13,37.76847,-119.56222,66
2023-07-13,37.76513,-119.56308,66
2023-07-13,37.76244,-119.56858,66
2023-07-13,37.7618,-119.564,66
2023-07-13,38.07087,-122.14046,66
2023-07-13,38.01472,-122.11192,66
2023-07-13,37.88369,-121.18668,66
2023-07-13,37.49555,-120.62852,66
2023-07-13,37.45623,-121.93405,66
2023-07-13,37.21157,-121.90215,66
2023-07-13,37.18446,-121.67997,66
2023-07-13,35.03061,-118.31759,66
2023-07-13,34.62299,-117.10057,66
2023-07-13,34.60733,-117.33566,66
2023-07-13,34.35572,-116.85374,66
2023-07-13,34.43079,-118.64623,66
2023-07-13,34.33659,-118.52081,66
2023-07-13,34.32409,-118.52803,66
2023-07-13,34.14409,-117.42741,66
2023-07-13,34.14076,-117.42821,66
2023-07-13,34.24289,-118.38323,66
2023-07-13,34.29226,-118.80148,66
2023-07-13,34.15424,-118.19122,66
2023-07-13,33.95497,-117.12064,66
2023-07-13,34.03509,-118.1049,66
2023-07-13,33.794,-117.47596,66
2023-07-13,33.90627,-118.40482,66
2023-07-13,33.85466,-118.33333,66
2023-07-13,33.85136,-118.33409,66
2023-07-13,33.81939,-118.24258,66
2023-07-13,33.71473,-117.71255,66
2023-07-13,33.77774,-118.2394,66
2023-07-13,33.79265,-118.35211,66
2023-07-13,33.61374,-117.82296,66
2023-07-13,33.402,-117.45957,66
2023-07-13,33.3736,-117.40246,66
2023-07-13,32.85914,-117.14951,66
2023-07-13,32.59962,-117.01389,66
2023-07-13,33.39714,-117.46365,66
2023-07-13,37.31527,-121.70606,66
2023-07-13,37.76316,-119.5632,66
2023-07-13,37.76257,-119.56763,66
2023-07-13,37.76712,-119.55956,66
2023-07-13,37.7711,-119.55589,66
2023-07-13,37.77447,-119.55669,66
2023-07-13,37.77846,-119.55291,66
2023-07-13,37.78184,-119.55361,66
2023-07-13,37.78123,-119.55812,66
2023-07-13,37.78461,-119.55883,66
2023-07-13,37.784,-119.56334,66
2023-07-13,39.01739,-121.82183,66
2023-07-13,39.28767,-121.60115,66
2023-07-13,39.37102,-121.99711,66
2023-07-13,39.72827,-122.05425,90
2023-07-14,37.78479,-119.55875,66
2023-07-14,37.78526,-119.56346,66
2023-07-14,37.7812,-119.56448,66
2023-07-14,37.77714,-119.56544,66
2023-07-14,37.77615,-119.55541,66
2023-07-14,37.77256,-119.56123,66
2023-07-14,37.76851,-119.56227,66
2023-07-14,37.76447,-119.56346,66
2023-07-14,37.76095,-119.57,66
2023-07-14,37.88465,-121.18664,66
2023-07-14,37.88285,-121.18784,66
2023-07-14,37.45657,-121.93415,66
2023-07-14,35.05356,-118.17196,66
2023-07-14,35.04987,-118.17265,66
2023-07-14,34.62259,-117.10224,66
2023-07-14,34.60947,-117.33694,66
2023-07-14,34.60593,-117.33768,66
2023-07-14,34.43091,-118.64491,66
2023-07-14,34.4308,-118.64623,66
2023-07-14,34.3354,-118.51817,66
2023-07-14,34.31927,-118.51035,66
2023-07-14,34.14099,-117.42693,66
2023-07-14,34.2421,-118.38007,66
2023-07-14,34.15313,-118.19552,66
2023-07-14,34.04,-117.82417,66
2023-07-14,34.03437,-118.10443,66
2023-07-14,33.87615,-116.99968,66
2023-07-14,33.79479,-117.47442,66
2023-07-14,33.85376,-118.33295,66
2023-07-14,33.85173,-118.33454,66
2023-07-14,33.71788,-117.71268,66
2023-07-14,33.71432,-117.71341,66
2023-07-14,33.61328,-117.82453,66
2023-07-14,32.85775,-117.14726,66
2023-07-14,32.59732,-117.01154,66
2023-07-14,33.97506,-117.21771,90
2023-07-14,33.97838,-117.21856,90
2023-07-14,33.97907,-117.21432,66
2023-07-14,33.98171,-117.21939,66
2023-07-14,33.98503,-117.22024,90
2023-07-14,34.09479,-117.13094,90
2023-07-14,37.7599,-119.56988,66
2023-07-14,37.76424,-119.56559,90
2023-07-14,37.77106,-119.56738,66
2023-07-14,37.77533,-119.5634,90
2023-07-14,37.77447,-119.56828,90
2023-07-14,37.77874,-119.56435,66
2023-07-14,37.783,-119.56041,66
2023-07-14,39.65875,-122.12046,66
2023-07-15,37.78135,-119.56309,66
2023-07-15,37.77632,-119.56914,66
2023-07-15,37.77605,-119.56428,66
2023-07-15,37.77103,-119.57079,66
2023-07-15,37.77073,-119.56537,66
2023-07-15,37.76574,-119.57231,66
2023-07-15,37.76545,-119.56712,66
2023-07-15,37.77352,-119.56631,66
2023-07-15,37.77385,-119.57145,66
2023-07-15,37.76857,-119.57302,66
2023-07-15,37.76824,-119.56787,66
2023-07-15,37.76791,-119.56255,66
2023-07-15,37.76297,-119.56958,66
2023-07-15,34.62244,-117.10281,66
2023-07-15,34.61042,-117.33557,66
2023-07-15,34.60589,-117.33635,66
2023-07-15,34.15494,-118.19402,66
2023-07-15,34.0804,-117.50234,66
2023-07-15,33.9081,-117.02744,66
2023-07-15,33.90761,-117.02211,66
2023-07-15,33.9032,-117.02294,66
2023-07-15,33.90369,-117.02826,66
2023-07-15,33.88408,-117.01024,66
2023-07-15,33.87967,-117.01109,66
2023-07-15,33.87623,-117.02248,66
2023-07-15,33.87576,-117.01729,66
2023-07-15,33.87227,-117.02826,90
2023-07-15,33.87181,-117.02325,90
2023-07-15,33.87134,-117.01807,66
2023-07-15,33.87275,-117.03357,66
2023-07-15,33.86885,-117.04015,90
2023-07-15,33.86836,-117.03466,66
2023-07-15,33.86787,-117.02927,66
2023-07-15,33.8674,-117.02413,90
2023-07-15,33.86693,-117.0189,66
2023-07-15,33.86934,-117.04561,66
2023-07-15,33.87711,-117.01978,66
2023-07-15,33.87368,-117.03065,66
2023-07-15,33.87319,-117.02557,66
2023-07-15,33.8727,-117.02057,90
2023-07-15,33.87218,-117.01518,66
2023-07-15,33.87036,-117.04263,66
2023-07-15,33.86983,-117.03715,66
2023-07-15,33.86929,-117.03167,66
2023-07-15,33.86879,-117.02643,66
2023-07-15,33.86829,-117.02137,66
2023-07-15,33.86595,-117.04347,66
2023-07-15,33.86543,-117.03811,66
2023-07-15,33.71589,-117.71374,66
2023-07-15,33.71695,-117.71443,66
2023-07-15,33.61462,-117.82587,66
2023-07-15,33.612,-117.82629,66
2023-07-15,38.69095,-121.40437,66
2023-07-15,37.78617,-119.5625,66
2023-07-15,37.78468,-119.55738,66
2023-07-15,37.78254,-119.56177,66
2023-07-15,37.77794,-119.56815,66
2023-07-15,37.7766,-119.56347,66
2023-07-15,37.77189,-119.56948,66
2023-07-15,37.77324,-119.57417,66
2023-07-15,37.76719,-119.57548,66
2023-07-15,37.76585,-119.57082,66
2023-07-15,37.76459,-119.56641,66
2023-07-15,37.45391,-121.9326,66
2023-07-15,37.45662,-121.93132,66
2023-07-15,34.60934,-117.33441,66
2023-07-15,33.938,-117.83832,66
2023-07-15,33.93949,-117.83519,66
2023-07-15,32.8799,-115.48237,66
2023-07-15,33.70139,-116.94183,66
2023-07-15,33.70533,-116.94308,66
2023-07-15,33.87532,-116.996,66
2023-07-15,33.87445,-117.00032,66
2023-07-15,33.88014,-116.99285,90
2023-07-15,33.87928,-116.99714,66
2023-07-15,33.87754,-117.00583,66
2023-07-15,33.87643,-116.99565,66
2023-07-15,33.87553,-116.99995,66
2023-07-15,33.88128,-116.99248,90
2023-07-15,33.8786,-117.00544,66
2023-07-15,33.8777,-117.00979,66
2023-07-15,33.88654,-117.00761,66
2023-07-15,33.89405,-116.99152,66
2023-07-15,33.8932,-116.9957,66
2023-07-15,33.89232,-116.99994,66
2023-07-15,33.89718,-116.99671,90
2023-07-15,33.8989,-116.98838,66
2023-07-15,33.90249,-117.01171,66
2023-07-15,33.90556,-117.01717,90
2023-07-15,33.91084,-116.99144,66
2023-07-15,33.91,-116.99553,66
2023-07-15,33.90914,-116.99972,66
2023-07-15,33.90645,-117.01282,66
2023-07-15,33.91396,-116.99669,90
2023-07-15,33.91479,-116.99259,66
2023-07-15,33.91309,-117.00088,66
2023-07-15,33.91221,-117.00518,66
2023-07-15,33.91131,-117.00958,66
2023-07-15,33.91042,-117.01395,66
2023-07-15,33.90953,-117.01826,66
2023-07-15,33.90865,-117.02253,66
2023-07-15,33.91788,-116.99796,90
2023-07-15,33.91703,-117.00212,90
2023-07-15,33.91873,-116.99384,66
2023-07-15,33.91616,-117.0064,66
2023-07-15,33.91527,-117.01074,66
2023-07-15,33.91439,-117.01506,66
2023-07-15,33.9109,-117.03204,66
2023-07-15,33.91005,-117.03621,66
2023-07-15,33.92097,-117.00336,90
2023-07-15,33.92011,-117.00756,66
2023-07-15,33.91924,-117.01185,66
2023-07-15,33.91836,-117.01611,66
2023-07-15,34.92284,-120.47772,66
2023-07-15,34.92748,-120.47932,66
2023-07-15,37.76707,-119.56163,66
2023-07-15,37.76583,-119.56723,66
2023-07-15,37.77663,-119.55866,66
2023-07-15,37.77541,-119.56425,66
2023-07-15,37.77419,-119.56974,66
2023-07-15,37.78075,-119.56023,66
2023-07-15,37.77956,-119.56559,66
2023-07-15,35.87923,-120.57009,66
2023-07-15,35.87555,-120.57177,66
2023-07-16,40.35392,-120.44451,66
2023-07-16,40.35536,-120.44167,66
2023-07-16,37.77887,-119.56678,66
2023-07-16,37.77226,-119.57858,66
2023-07-16,37.77207,-119.56899,66
2023-07-16,37.76545,-119.58074,66
2023-07-16,37.76527,-119.57148,66
2023-07-16,37.77945,-119.56471,66
2023-07-16,34.62093,-117.10343,66
2023-07-16,33.85533,-118.3344,66
2023-07-16,34.15509,-118.19746,66
2023-07-16,37.77105,-119.55799,66
2023-07-16,37.78461,-119.55981,66
2023-07-16,37.77997,-119.56111,66
2023-07-16,37.78134,-119.56687,66
2023-07-16,37.77875,-119.55597,66
2023-07-16,37.77711,-119.54905,66
2023-07-16,37.77667,-119.56806,66
2023-07-16,37.77536,-119.56255,66
2023-07-16,37.77331,-119.57473,66
2023-07-16,37.77198,-119.56917,66
2023-07-16,37.77073,-119.56393,66
2023-07-16,37.77369,-119.56877,66
2023-07-16,37.77411,-119.5573,66
2023-07-16,37.76939,-119.5583,66
2023-07-16,37.76729,-119.57027,66
2023-07-16,37.76862,-119.57584,66
2023-07-16,37.76602,-119.56493,66
2023-07-16,37.76257,-119.57122,66
2023-07-16,38.07132,-122.13998,66
2023-07-16,38.01494,-122.11354,66
2023-07-16,37.94926,-122.40102,66
2023-07-16,37.69354,-121.22927,66
2023-07-16,37.45528,-121.93307,66
2023-07-16,40.35918,-120.4397,66
2023-07-16,40.35513,-120.44151,66
2023-07-16,37.78624,-119.55923,66
2023-07-16,37.78165,-119.56071,66
2023-07-16,37.77837,-119.56761,66
2023-07-16,37.77701,-119.56207,66
2023-07-16,37.77573,-119.55683,66
2023-07-16,37.77239,-119.56347,66
2023-07-16,37.77505,-119.57437,66
2023-07-16,34.62474,-117.10224,66
2023-07-16,33.85238,-118.33416,66
2023-07-16,35.26797,-118.90638,66
2023-07-16,33.61324,-117.82413,66
2023-07-16,34.35378,-116.8553,66
2023-07-16,34.15432,-118.19524,66
2023-07-16,33.75592,-117.10905,66
2023-07-16,35.12153,-118.36962,66
2023-07-16,33.78917,-115.36514,66
2023-07-16,37.76525,-119.56915,66
2023-07-16,37.77589,-119.55107,66
2023-07-16,37.77486,-119.55496,66
2023-07-16,37.76225,-119.57055,90
2023-07-16,37.76244,-119.56623,66
2023-07-16,37.77513,-119.54836,66
2023-07-16,37.7746,-119.56001,66
2023-07-16,37.76022,-119.56723,66
2023-07-16,37.76005,-119.57143,66
2023-07-16,37.76608,-119.56922,90
2023-07-16,37.76591,-119.57359,66
2023-07-16,37.77274,-119.55102,66
2023-07-16,37.7784,-119.55813,66
2023-07-16,37.77823,-119.56241,66
2023-07-17,39.26792,-122.46134,66
2023-07-17,37.78555,-119.5589,66
2023-07-17,37.78191,-119.55996,66
2023-07-17,37.77826,-119.56094,66
2023-07-17,37.77929,-119.56611,66
2023-07-17,37.77725,-119.55588,66
2023-07-17,37.77611,-119.55019,66
2023-07-17,37.78333,-119.56074,66
2023-07-17,37.77967,-119.56171,66
2023-07-17,37.77869,-119.55666,66
2023-07-17,37.77762,-119.55115,66
2023-07-17,37.77703,-119.56787,66
2023-07-17,37.77602,-119.56272,66
2023-07-17,37.77504,-119.55766,66
2023-07-17,37.77396,-119.55212,66
2023-07-17,37.77337,-119.5688,66
2023-07-17,37.77238,-119.56374,66
2023-07-17,37.77138,-119.55862,66
2023-07-17,37.77071,-119.57487,66
2023-07-17,37.7697,-119.56967,66
2023-07-17,37.76871,-119.56464,66
2023-07-17,37.76603,-119.57056,66
2023-07-17,37.76504,-119.56551,66
2023-07-17,37.76235,-119.57138,66
2023-07-17,37.76336,-119.5766,66
2023-07-17,38.15976,-122.56532,66
2023-07-17,38.07253,-122.13845,66
2023-07-17,38.06919,-122.1394,66
2023-07-17,38.01488,-122.11404,66
2023-07-17,37.97366,-122.3614,66
2023-07-17,37.95446,-122.39691,66
2023-07-17,37.95113,-122.39782,66
2023-07-17,37.9519,-122.40232,66
2023-07-17,37.94371,-122.3952,66
2023-07-17,37.18393,-121.67852,66
2023-07-17,35.25962,-118.75766,66
2023-07-17,32.59749,-117.01286,66
2023-07-17,33.17594,-115.86017,90
2023-07-17,33.17614,-115.86281,66
2023-07-17,37.75839,-119.57616,66
2023-07-17,39.6502,-122.12163,66
2023-07-17,39.64606,-122.11915,66
2023-07-17,33.17329,-115.85965,66
2023-07-17,39.64833,-122.11909,66
2023-07-17,39.50249,-122.18729,66
2023-07-17,39.50192,-122.19096,66
2023-07-17,39.64427,-122.11844,66
2023-07-18,39.64837,-122.12239,66
2023-07-18,38.51403,-121.19127,66
2023-07-18,38.16114,-122.56853,66
2023-07-18,38.07005,-122.13881,66
2023-07-18,38.01554,-122.11268,66
2023-07-18,37.88209,-121.18601,66
2023-07-18,37.75638,-121.66138,66
2023-07-18,37.75509,-121.72877,66
2023-07-18,37.45523,-121.93024,66
2023-07-18,37.1838,-121.67857,66
2023-07-18,36.99099,-120.79579,66
2023-07-18,36.34952,-119.23551,66
2023-07-18,35.34578,-118.75861,66
2023-07-18,35.12204,-118.36962,66
2023-07-18,34.62125,-117.10197,66
2023-07-18,34.60946,-117.33524,66
2023-07-18,34.606,-117.33609,66
2023-07-18,34.82017,-118.74885,66
2023-07-18,34.42996,-118.64568,66
2023-07-18,34.33432,-118.5191,66
2023-07-18,34.14167,-117.42982,66
2023-07-18,34.31938,-118.5137,66
2023-07-18,34.2438,-118.38199,66
2023-07-18,34.29094,-118.80238,66
2023-07-18,34.11427,-117.92696,66
2023-07-18,34.15409,-118.19254,66
2023-07-18,34.04197,-117.82313,66
2023-07-18,33.87719,-116.99882,66
2023-07-18,33.79243,-117.47471,66
2023-07-18,33.71514,-117.7093,66
2023-07-18,33.77797,-118.23813,66
2023-07-18,33.77403,-118.21601,66
2023-07-18,33.61551,-117.82394,66
2023-07-18,33.61207,-117.82484,66
2023-07-18,32.85723,-117.14889,66
2023-07-18,32.59713,-117.00994,66
2023-07-18,32.74703,-114.69245,66
2023-07-18,32.75135,-114.6931,66
2023-07-18,33.30504,-117.09343,66
2023-07-18,33.37154,-117.38349,66
2023-07-18,33.49748,-117.71443,66
2023-07-18,33.92656,-118.17767,66
2023-07-18,34.15445,-118.19226,66
2023-07-18,38.50016,-121.72543,66
2023-07-18,38.49715,-121.98059,66
2023-07-18,38.49549,-122.01746,66
2023-07-18,41.55024,-120.67955,66
2023-07-19,38.07338,-122.14028,66
2023-07-19,38.01377,-122.11237,66
2023-07-19,38.01329,-122.1147,66
2023-07-19,37.75633,-121.66274,66
2023-07-19,37.1833,-121.68005,66
2023-07-19,35.02963,-118.31722,66
2023-07-19,34.62155,-117.09956,66
2023-07-19,34.6075,-117.33908,66
2023-07-19,34.35535,-116.85303,66
2023-07-19,34.15125,-116.26072,66
2023-07-19,34.42972,-118.64687,66
2023-07-19,34.33448,-118.52235,66
2023-07-19,34.31876,-118.51143,66
2023-07-19,34.14267,-117.42785,66
2023-07-19,34.24345,-118.3833,66
2023-07-19,34.29234,-118.80396,66
2023-07-19,34.15432,-118.19499,66
2023-07-19,34.04101,-117.82217,66
2023-07-19,34.0346,-118.10624,66
2023-07-19,33.79302,-117.47513,66
2023-07-19,33.8528,-118.33143,66
2023-07-19,33.82004,-118.24547,66
2023-07-19,33.82101,-118.24381,66
2023-07-19,33.71503,-117.712,66
2023-07-19,33.77796,-118.23847,66
2023-07-19,33.61265,-117.82434,66
2023-07-19,32.85881,-117.14766,66
2023-07-19,32.59809,-117.01228,66
2023-07-19,36.47208,-120.80367,66
2023-07-19,36.47547,-120.80476,90
2023-07-19,36.47627,-120.80022,66
2023-07-19,36.47966,-120.80128,66
2023-07-19,36.47886,-120.80584,66
2023-07-19,37.76036,-119.57336,66
2023-07-19,37.77976,-119.55962,66
2023-07-19,38.18485,-122.44221,66
2023-07-19,38.48096,-121.84074,66
2023-07-20,38.07118,-122.13908,66
2023-07-20,37.61421,-120.87128,66
2023-07-20,37.45251,-121.93431,66
2023-07-20,37.45402,-121.93531,66
2023-07-20,34.60731,-117.33941,66
2023-07-20,34.33659,-118.51965,66
2023-07-20,34.29045,-118.80307,66
2023-07-20,34.15457,-118.19309,66
2023-07-20,34.07777,-117.50365,66
2023-07-20,33.79269,-117.47615,66
2023-07-20,33.85294,-118.3314,66
2023-07-20,33.81834,-118.24599,66
2023-07-20,33.7773,-118.23824,66
2023-07-20,33.71505,-117.71104,66
2023-07-20,33.61134,-117.82329,66
2023-07-20,32.85806,-117.14804,66
2023-07-20,32.59719,-117.0106,66
2023-07-20,39.37661,-121.66364,66
2023-07-20,38.01532,-122.11655,66
2023-07-20,37.7604,-119.5714,66
2023-07-20,38.43359,-121.27572,66
2023-07-20,39.37719,-121.66032,66
2023-07-20,39.38128,-121.6618,66
2023-07-20,39.38092,-121.65971,66
2023-07-20,39.38045,-121.6587,66
2023-07-20,39.73059,-122.04729,66
2023-07-20,39.73151,-122.04838,66
2023-07-21,37.62706,-120.91842,66
2023-07-21,37.62517,-120.92074,66
2023-07-21,37.62499,-120.91328,66
2023-07-21,34.60791,-117.34055,66
2023-07-21,34.33288,-118.52273,66
2023-07-21,34.15126,-118.19627,66
2023-07-21,34.08201,-117.50152,66
2023-07-21,34.07652,-117.50222,66
2023-07-21,34.07715,-117.50319,66
2023-07-21,33.85192,-118.33514,66
2023-07-21,33.79413,-117.4776,66
2023-07-21,32.85725,-117.14843,66
2023-07-21,32.59933,-117.01242,66
2023-07-21,39.72807,-122.0519,66
2023-07-21,39.38032,-121.66032,66
2023-07-21,38.06972,-122.13953,66
2023-07-21,38.07132,-122.14004,66
2023-07-21,38.01406,-122.11459,66
2023-07-21,37.62384,-120.91775,66
2023-07-21,37.62232,-120.91145,66
2023-07-21,37.944,-122.3941,66
2023-07-21,37.62436,-121.16731,66
2023-07-21,37.62422,-121.25528,66
2023-07-21,37.61226,-121.24667,66
2023-07-21,37.45592,-121.93448,66
2023-07-21,34.61072,-117.33828,66
2023-07-21,34.60513,-117.33757,66
2023-07-21,34.33604,-118.52016,66
2023-07-21,34.28933,-118.80366,66
2023-07-21,34.40184,-117.39434,66
2023-07-21,34.40654,-117.39602,90
2023-07-21,39.65069,-122.11794,90
2023-07-21,39.65236,-122.11795,90
2023-07-21,39.65117,-122.12228,66
2023-07-21,39.64945,-122.11811,90
2023-07-21,39.65024,-122.1198,90
2023-07-22,34.60929,-117.33821,66
2023-07-22,34.0775,-117.50295,66
2023-07-22,40.7366,-122.32235,66
2023-07-22,40.89012,-123.87563,66
2023-07-22,39.65034,-122.11961,66
2023-07-22,39.10427,-120.42606,66
2023-07-22,39.14428,-121.58569,66
2023-07-22,37.77936,-119.55662,66
2023-07-22,38.30083,-122.74996,66
2023-07-22,38.16148,-122.5659,66
2023-07-22,38.07108,-122.13807,66
2023-07-22,37.88417,-121.18688,66
2023-07-22,38.01569,-122.11436,66
2023-07-22,37.94331,-122.39329,66
2023-07-22,37.56774,-121.04073,66
2023-07-22,37.45689,-121.93232,66
2023-07-22,37.45334,-121.93339,66
2023-07-22,36.98304,-120.40207,66
2023-07-22,37.21223,-121.90141,66
2023-07-22,37.21205,-121.9028,66
2023-07-22,36.70264,-119.89214,66
2023-07-22,36.57244,-119.7935,66
2023-07-22,36.57178,-119.79128,66
2023-07-22,35.27646,-118.86293,66
2023-07-22,35.2722,-118.86433,66
2023-07-22,35.27234,-118.86575,66
2023-07-22,34.61003,-117.3351,66
2023-07-22,34.60529,-117.33648,66
2023-07-22,34.33334,-118.52003,66
2023-07-22,34.07986,-117.50085,66
2023-07-22,34.08118,-117.50039,66
2023-07-22,34.15232,-118.19221,66
2023-07-22,33.71802,-117.71233,66
2023-07-22,33.4918,-117.4836,66
2023-07-22,36.16189,-119.89215,66
2023-07-22,35.25737,-119.21401,66
2023-07-23,38.30211,-122.74906,66
2023-07-23,38.08387,-121.42278,66
2023-07-23,38.16106,-122.56739,66
2023-07-23,38.07162,-122.13867,66
2023-07-23,37.21312,-121.90287,66
2023-07-23,34.62018,-117.10265,66
2023-07-23,34.60779,-117.33847,66
2023-07-23,34.35392,-116.85384,66
2023-07-23,34.42942,-118.64406,66
2023-07-23,34.33454,-118.52151,66
2023-07-23,34.3177,-118.51042,66
2023-07-23,34.07912,-117.49906,66
2023-07-23,34.24167,-118.38192,66
2023-07-23,34.29088,-118.80048,66
2023-07-23,34.1523,-118.19175,66
2023-07-23,33.79281,-117.47793,66
2023-07-23,35.5332,-115.44988,66
2023-07-23,35.5748,-115.48253,66
2023-07-23,38.60384,-120.69695,66
2023-07-24,39.63011,-121.98465,66
2023-07-24,38.07314,-122.14106,66
2023-07-24,38.01551,-122.11164,66
2023-07-24,37.88501,-121.18805,66
2023-07-24,37.94338,-122.39553,66
2023-07-24,37.75673,-121.6634,66
2023-07-24,37.456,-121.93284,66
2023-07-24,37.45668,-121.93279,66
2023-07-24,35.93091,-119.17422,66
2023-07-24,34.62273,-117.09943,66
2023-07-24,34.81884,-118.74902,66
2023-07-24,34.60846,-117.33508,66
2023-07-24,34.4296,-118.64381,66
2023-07-24,34.33573,-118.51847,66
2023-07-24,34.3191,-118.51237,66
2023-07-24,34.2926,-118.80405,66
2023-07-24,34.29198,-118.79974,66
2023-07-24,34.15351,-118.19432,66
2023-07-24,34.03514,-118.10648,66
2023-07-24,33.85238,-118.33273,66
2023-07-24,33.81418,-118.23761,66
2023-07-24,33.80487,-118.2439,66
2023-07-24,33.71701,-117.71111,66
2023-07-24,33.7765,-118.23712,66
2023-07-24,33.61217,-117.82202,66
2023-07-24,32.85765,-117.1462,66
2023-07-24,32.59779,-117.01163,66
2023-07-24,38.48255,-121.84756,90
2023-07-24,38.48587,-121.84844,90
2023-07-24,39.06287,-121.75719,66
2023-07-24,39.15586,-121.53802,66
2023-07-24,39.39147,-122.00098,66
2023-07-24,39.66496,-121.84059,66
2023-07-25,40.7468,-122.33302,66
2023-07-25,40.74705,-122.33768,66
2023-07-25,40.73583,-122.32945,66
2023-07-25,40.73563,-122.32563,66
2023-07-25,38.48533,-121.84887,66
2023-07-25,38.47509,-121.85001,66
2023-07-25,38.31527,-121.83396,66
2023-07-25,38.07327,-122.14075,66
2023-07-25,38.04387,-122.25659,66
2023-07-25,38.01359,-122.11398,66
2023-07-25,37.45424,-121.93329,66
2023-07-25,34.60667,-117.33811,66
2023-07-25,34.43153,-118.64627,66
2023-07-25,34.33581,-118.51965,66
2023-07-25,34.3362,-118.52139,66
2023-07-25,34.31873,-118.51177,66
2023-07-25,34.29171,-118.80361,66
2023-07-25,34.14205,-117.42986,66
2023-07-25,34.1529,-118.19749,66
2023-07-25,33.93073,-117.84226,66
2023-07-25,33.79494,-117.47646,66
2023-07-25,33.79257,-117.47777,66
2023-07-25,33.77773,-118.23757,66
2023-07-25,33.71648,-117.70968,66
2023-07-25,33.61222,-117.82605,66
2023-07-25,33.61469,-117.82147,66
2023-07-25,40.74697,-122.33832,66
2023-07-25,40.74569,-122.33386,90
2023-07-25,38.07132,-122.14098,66
2023-07-25,38.07082,-122.1409,66
2023-07-25,38.01701,-122.11482,66
2023-07-25,37.28317,-120.59583,66
2023-07-25,37.28552,-120.59341,66
2023-07-25,39.09613,-122.19164,66
2023-07-25,39.353,-122.0409,66
2023-07-25,39.56921,-122.0076,66
2023-07-25,39.57223,-122.00879,66
2023-07-25,39.72732,-122.05037,66
2023-07-25,39.73116,-122.0517,66
2023-07-27,33.95164,-116.52513,66
2023-07-27,35.53686,-115.45323,90
2023-07-27,36.1753,-119.88221,66
2023-07-27,36.21259,-119.89185,66
2023-07-27,36.23754,-119.91815,66
2023-07-27,38.68433,-120.63645,66
2023-07-27,38.48939,-121.8457,90
2023-07-27,38.49128,-121.83937,66
2023-07-27,38.49181,-121.84241,90
2023-07-27,38.48988,-121.84872,66
2023-07-27,38.49761,-121.98412,90
2023-07-27,38.52538,-121.93875,66
2023-07-27,38.52643,-121.94172,66
2023-07-27,39.29147,-121.64377,66
2023-07-27,38.49036,-121.8427,66
2023-07-27,38.48986,-121.84941,66
2023-07-27,38.48886,-121.84358,66
2023-07-27,38.49857,-121.98553,66
2023-07-27,39.27649,-121.61491,66
2023-07-28,41.17041,-121.35839,66
2023-07-28,39.64116,-121.78148,66
2023-07-28,39.63787,-121.78236,66
2023-07-28,38.96658,-122.00848,66
2023-07-28,38.24471,-120.09348,66
2023-07-28,38.24215,-120.09901,66
2023-07-28,38.24133,-120.09435,66
2023-07-28,38.23795,-120.09525,66
2023-07-28,37.88304,-118.9052,90
2023-07-28,37.8821,-118.90021,66
2023-07-28,37.87955,-118.90627,66
2023-07-28,38.3131,-121.83284,66
2023-07-28,38.21502,-121.98334,66
2023-07-28,37.77803,-119.55925,66
2023-07-28,37.77718,-119.55463,66
2023-07-28,38.16062,-122.56639,66
2023-07-28,38.06908,-122.13747,66
2023-07-28,37.88326,-121.18434,66
2023-07-28,38.00328,-121.93482,66
2023-07-28,38.01477,-122.11292,66
2023-07-28,37.75438,-121.65925,66
2023-07-28,37.09676,-119.2714,66
2023-07-28,37.4545,-121.93053,66
2023-07-28,37.18503,-121.67933,66
2023-07-28,36.53561,-119.95085,66
2023-07-28,36.22468,-119.23724,66
2023-07-28,36.22113,-119.23824,66
2023-07-28,34.62241,-117.10082,66
2023-07-28,34.60868,-117.33747,66
2023-07-28,34.35302,-116.85234,66
2023-07-28,34.43138,-118.64521,66
2023-07-28,34.14191,-117.42987,66
2023-07-28,34.33513,-118.52158,66
2023-07-28,34.3335,-118.52304,66
2023-07-28,34.29003,-118.80248,66
2023-07-28,34.2903,-118.80364,66
2023-07-28,34.15379,-118.19315,66
2023-07-28,33.79551,-117.47411,66
2023-07-28,33.79233,-117.47738,66
2023-07-28,33.85218,-118.33132,66
2023-07-28,33.71428,-117.71281,66
2023-07-28,33.46547,-116.67979,66
2023-07-28,33.46749,-116.68918,66
2023-07-28,33.46544,-116.70036,66
2023-07-28,33.46339,-116.6909,66
2023-07-28,33.46127,-116.68113,66
2023-07-28,33.46641,-116.70482,66
2023-07-28,33.46232,-116.68601,66
2023-07-28,33.46134,-116.7021,66
2023-07-28,33.45931,-116.69276,66
2023-07-28,33.45818,-116.68755,66
2023-07-28,33.45706,-116.6824,66
2023-07-28,33.4623,-116.7065,66
2023-07-28,33.45175,-116.67866,66
2023-07-28,33.61433,-117.82406,66
2023-07-28,32.85717,-117.1488,66
2023-07-28,33.45957,-116.6757,66
2023-07-28,33.45719,-116.68351,66
2023-07-28,33.45537,-116.68952,66
2023-07-28,33.46634,-116.67867,90
2023-07-28,33.46201,-116.69291,90
2023-07-28,33.45988,-116.69991,66
2023-07-28,33.47529,-116.67445,90
2023-07-28,33.47276,-116.6828,90
2023-07-28,33.46825,-116.69766,66
2023-07-28,33.4659,-116.70542,66
2023-07-28,33.47897,-116.68764,90
2023-07-28,33.47677,-116.69488,66
2023-07-28,33.45546,-116.6763,90
2023-07-28,33.45316,-116.68369,66
2023-07-28,33.4512,-116.69001,66
2023-07-28,33.46012,-116.68604,90
2023-07-28,33.45826,-116.69208,90
2023-07-28,33.46247,-116.67848,66
2023-07-28,33.47166,-116.67359,90
2023-07-28,33.46463,-116.69635,66
2023-07-28,33.46228,-116.7039,66
2023-07-28,33.47787,-116.67838,66
2023-07-28,33.47532,-116.68661,66
2023-07-28,33.47305,-116.69395,66
2023-07-28,35.19368,-115.31474,66
2023-07-28,35.19999,-115.31675,66
2023-07-28,35.554,-115.4701,66
2023-07-28,35.5771,-115.48545,66
2023-07-28,33.45346,-116.6819,90
2023-07-28,33.45289,-116.68859,90
2023-07-28,33.45396,-116.67599,66
2023-07-28,33.45757,-116.68919,90
2023-07-28,33.45909,-116.67117,66
2023-07-28,33.45863,-116.67672,66
2023-07-28,33.45812,-116.68268,66
2023-07-28,33.457,-116.69595,66
2023-07-28,33.46329,-116.67744,90
2023-07-28,33.46541,-116.65253,66
2023-07-28,33.46481,-116.65959,66
2023-07-28,33.46426,-116.66602,66
2023-07-28,33.4628,-116.68324,66
2023-07-28,33.46228,-116.6894,66
2023-07-28,33.46174,-116.69576,66
2023-07-28,33.46957,-116.65926,90
2023-07-28,33.46899,-116.66606,90
2023-07-28,33.467,-116.68947,90
2023-07-28,33.47015,-116.65242,66
2023-07-28,33.46648,-116.69557,66
2023-07-28,33.47269,-116.67812,90
2023-07-28,33.47173,-116.68949,90
2023-07-28,33.47121,-116.69545,90
2023-07-28,33.47488,-116.65263,66
2023-07-28,33.47431,-116.65925,66
2023-07-28,33.47372,-116.66611,66
2023-07-28,33.47222,-116.68375,66
2023-07-28,33.47695,-116.68375,90
2023-07-28,33.47845,-116.66613,66
2023-07-28,33.47742,-116.67817,66
2023-07-28,33.47646,-116.68949,66
2023-07-28,33.42327,-117.49021,66
2023-07-28,33.42772,-117.49096,66
2023-07-28,35.19471,-115.31337,66
2023-07-28,35.20012,-115.31048,90
2023-07-28,35.19986,-115.31423,90
2023-07-28,35.1996,-115.31792,90
2023-07-28,35.20581,-115.30374,90
2023-07-28,35.20554,-115.30758,90
2023-07-28,35.20527,-115.31136,90
2023-07-28,35.205,-115.31507,90
2023-07-28,35.20474,-115.31874,90
2023-07-28,35.21096,-115.3045,90
2023-07-28,35.21016,-115.31582,90
2023-07-28,35.21069,-115.30829,66
2023-07-28,35.21042,-115.31205,66
2023-07-28,35.20989,-115.31955,66
2023-07-28,35.19556,-115.31287,66
2023-07-28,35.19532,-115.31663,66
2023-07-28,35.20095,-115.31,90
2023-07-28,35.20071,-115.31377,90
2023-07-28,35.20047,-115.31744,90
2023-07-28,35.20023,-115.32114,66
2023-07-28,35.2061,-115.31086,90
2023-07-28,35.20586,-115.31459,90
2023-07-28,35.20562,-115.31828,90
2023-07-28,35.2066,-115.30325,66
2023-07-28,35.20635,-115.30708,66
2023-07-28,35.20538,-115.32194,66
2023-07-28,35.21176,-115.30402,90
2023-07-28,35.21127,-115.31157,90
2023-07-28,35.21101,-115.31534,90
2023-07-28,35.21151,-115.30782,66
2023-07-28,35.21078,-115.31907,66
2023-07-28,35.21716,-115.30099,66
2023-07-28,35.2164,-115.31255,66
2023-07-28,35.21616,-115.31638,66
2023-07-28,35.21591,-115.32015,66
2023-07-28,35.22232,-115.30183,90
2023-07-28,35.2218,-115.30977,90
2023-07-28,35.22153,-115.31377,66
2023-07-28,35.22771,-115.29902,90
2023-07-28,35.22747,-115.30276,90
2023-07-28,35.23287,-115.29987,90
2023-07-28,35.23311,-115.29626,66
2023-07-28,35.23803,-115.30068,90
2023-07-28,35.2385,-115.29353,66
2023-07-28,35.23827,-115.29716,66
2023-07-28,37.88252,-118.90368,66
2023-07-28,38.70502,-121.8582,66
2023-07-28,39.07262,-121.92874,66
2023-07-28,39.07638,-121.92941,66
2023-07-28,39.07573,-121.93523,66
2023-07-28,39.07183,-121.93084,66
2023-07-28,39.0756,-121.93153,66
2023-07-28,39.07914,-122.17897,66
2023-07-28,39.29478,-121.64572,66
2023-07-28,39.43421,-122.01302,66
2023-07-28,39.63983,-121.87875,66
2023-07-29,39.07451,-121.93483,66
2023-07-29,38.31521,-121.83339,66
2023-07-29,38.1622,-122.56393,66
2023-07-29,38.07052,-122.13969,66
2023-07-29,38.00507,-121.93528,66
2023-07-29,38.01454,-122.11135,66
2023-07-29,37.88231,-121.18707,66
2023-07-29,37.94431,-122.3975,66
2023-07-29,37.4565,-121.93018,66
2023-07-29,37.21179,-121.90034,66
2023-07-29,37.18405,-121.67931,66
2023-07-29,36.7039,-119.89362,66
2023-07-29,36.66483,-120.13494,66
2023-07-29,35.225,-115.27519,66
2023-07-29,35.22151,-115.27615,66
2023-07-29,35.20666,-115.27507,66
2023-07-29,35.20576,-115.27021,66
2023-07-29,35.19789,-115.26723,66
2023-07-29,35.19699,-115.26235,66
2023-07-29,35.1961,-115.25749,66
2023-07-29,35.1952,-115.25262,66
2023-07-29,35.19431,-115.24775,66
2023-07-29,35.19341,-115.24289,66
2023-07-29,35.70005,-118.21774,66
2023-07-29,35.69938,-118.21352,66
2023-07-29,35.1935,-115.26331,66
2023-07-29,35.19261,-115.25845,66
2023-07-29,35.19171,-115.25358,66
2023-07-29,35.69677,-118.21853,66
2023-07-29,35.18642,-115.2448,66
2023-07-29,35.6961,-118.21432,66
2023-07-29,35.18911,-115.25938,66
2023-07-29,35.18822,-115.25452,66
2023-07-29,35.18732,-115.24966,66
2023-07-29,35.18203,-115.24091,66
2023-07-29,35.18472,-115.25547,66
2023-07-29,35.18382,-115.25062,66
2023-07-29,35.18293,-115.24576,66
2023-07-29,35.18122,-115.25641,66
2023-07-29,35.18033,-115.25155,66
2023-07-29,35.17773,-115.25735,66
2023-07-29,35.17683,-115.2525,66
2023-07-29,35.17863,-115.26221,66
2023-07-29,35.17424,-115.25829,66
2023-07-29,35.17514,-115.26315,66
2023-07-29,35.02921,-118.31554,66
2023-07-29,34.56817,-118.15376,66
2023-07-29,34.42932,-118.64414,66
2023-07-29,34.33458,-118.51834,66
2023-07-29,34.32008,-118.51308,66
2023-07-29,34.24406,-118.37997,66
2023-07-29,34.29153,-118.80202,66
2023-07-29,34.15317,-118.1932,66
2023-07-29,33.9561,-117.12052,66
2023-07-29,34.0368,-118.10625,66
2023-07-29,33.7954,-117.47636,66
2023-07-29,33.90549,-118.4053,66
2023-07-29,33.85249,-118.33162,66
2023-07-29,33.82112,-118.24421,66
2023-07-29,33.71524,-117.70944,66
2023-07-29,33.47845,-116.66325,66
2023-07-29,33.47587,-116.6688,66
2023-07-29,33.47506,-116.66424,66
2023-07-29,33.47169,-116.66523,66
2023-07-29,33.6153,-117.82327,66
2023-07-29,32.7388,-115.55396,66
2023-07-29,33.07627,-115.38456,66
2023-07-29,33.0801,-115.38516,66
2023-07-29,33.46599,-116.65804,66
2023-07-29,35.16748,-115.25055,90
2023-07-29,35.16815,-115.24429,66
2023-07-29,35.16939,-115.26985,90
2023-07-29,35.16871,-115.27605,90
2023-07-29,35.17006,-115.26365,66
2023-07-29,35.1834,-115.21499,66
2023-07-29,35.16678,-115.24562,90
2023-07-29,35.16742,-115.23937,66
2023-07-29,35.16615,-115.25186,66
2023-07-29,35.1688,-115.265,90
2023-07-29,35.16817,-115.27122,90
2023-07-29,35.16753,-115.27742,66
2023-07-29,35.17146,-115.2781,66
2023-07-29,35.1898,-115.25591,66
2023-07-29,35.19374,-115.25658,66
2023-07-29,35.20226,-115.21323,66
2023-07-29,35.20622,-115.21387,66
2023-07-29,35.20491,-115.26488,66
2023-07-29,35.20885,-115.26555,90
2023-07-29,35.21279,-115.2662,90
2023-07-29,35.21346,-115.25988,66
2023-07-29,35.21539,-115.27953,66
2023-07-29,35.21932,-115.28026,66
2023-07-29,35.23248,-115.26958,90
2023-07-29,35.23179,-115.27611,90
2023-07-29,35.23384,-115.25682,66
2023-07-29,35.23641,-115.27037,90
2023-07-29,35.2371,-115.26389,66
2023-07-29,35.24034,-115.27113,90
2023-07-29,35.23963,-115.27777,90
2023-07-29,35.24509,-115.22662,66
2023-07-29,35.24104,-115.26463,66
2023-07-29,35.24904,-115.2273,90
2023-07-29,35.24497,-115.26538,90
2023-07-29,35.24356,-115.2785,90
2023-07-29,35.2496,-115.2597,90
2023-07-29,35.2489,-115.26614,90
2023-07-29,35.25299,-115.22796,66
2023-07-29,35.25352,-115.26041,90
2023-07-29,35.25423,-115.25392,66
2023-07-29,35.25817,-115.25456,90
2023-07-29,35.26156,-115.22301,66
2023-07-29,35.26212,-115.25522,90
2023-07-29,35.26348,-115.24256,66
2023-07-29,35.26281,-115.24887,66
2023-07-29,35.26607,-115.25584,90
2023-07-29,35.26469,-115.26862,90
2023-07-29,35.26879,-115.23061,66
2023-07-29,35.26743,-115.24324,66
2023-07-29,35.26538,-115.26219,66
2023-07-29,35.27342,-115.22496,90
2023-07-29,35.27274,-115.23128,90
2023-07-29,35.27206,-115.2376,90
2023-07-29,35.27138,-115.2439,90
2023-07-29,35.27002,-115.25642,90
2023-07-29,35.26864,-115.26916,90
2023-07-29,35.26793,-115.2757,90
2023-07-29,35.2707,-115.25015,66
2023-07-29,35.26933,-115.26277,66
2023-07-29,35.2767,-115.23194,90
2023-07-29,35.27601,-115.23823,90
2023-07-29,35.27533,-115.24448,90
2023-07-29,35.27466,-115.25072,90
2023-07-29,35.27397,-115.25703,90
2023-07-29,35.27328,-115.26336,66
2023-07-29,35.28133,-115.22627,90
2023-07-29,35.28065,-115.23256,90
2023-07-29,35.27997,-115.23883,90
2023-07-29,35.27929,-115.24507,90
2023-07-29,35.27793,-115.25764,90
2023-07-29,35.27861,-115.25131,66
2023-07-29,35.27723,-115.26398,66
2023-07-29,35.28529,-115.22688,90
2023-07-29,35.28325,-115.24567,90
2023-07-29,35.28256,-115.25195,90
2023-07-29,35.28187,-115.25828,90
2023-07-29,35.28597,-115.2206,66
2023-07-29,35.28461,-115.23316,66
2023-07-29,35.28392,-115.23943,66
2023-07-29,35.28788,-115.24002,90
2023-07-29,35.2872,-115.24628,90
2023-07-29,35.28651,-115.25262,66
2023-07-29,35.28581,-115.259,66
2023-07-29,35.27129,-115.22667,90
2023-07-29,35.27065,-115.23299,90
2023-07-29,35.26808,-115.25824,90
2023-07-29,35.27,-115.23933,66
2023-07-29,35.26936,-115.24563,66
2023-07-29,35.26872,-115.25191,66
2023-07-29,35.26743,-115.26462,66
2023-07-29,35.26609,-115.27773,66
2023-07-29,35.26539,-115.28461,66
2023-07-29,35.2746,-115.23367,90
2023-07-29,35.27396,-115.23997,90
2023-07-29,35.27332,-115.24625,90
2023-07-29,35.27267,-115.25252,90
2023-07-29,35.27203,-115.25884,90
2023-07-29,35.27589,-115.22105,66
2023-07-29,35.27138,-115.26521,66
2023-07-29,35.2792,-115.22802,90
2023-07-29,35.27855,-115.23432,90
2023-07-29,35.27791,-115.24058,90
2023-07-29,35.27728,-115.24683,90
2023-07-29,35.27599,-115.25945,90
2023-07-29,35.27663,-115.25311,66
2023-07-29,35.27533,-115.26581,66
2023-07-29,35.2838,-115.22234,90
2023-07-29,35.28316,-115.22864,90
2023-07-29,35.28251,-115.23492,90
2023-07-29,35.28187,-115.24118,90
2023-07-29,35.28123,-115.24744,90
2023-07-29,35.28058,-115.25373,90
2023-07-29,35.27993,-115.26009,66
2023-07-29,35.28518,-115.24806,90
2023-07-29,35.28324,-115.26698,90
2023-07-29,35.28776,-115.22298,66
2023-07-29,35.28583,-115.24178,66
2023-07-29,35.28453,-115.2544,66
2023-07-29,35.28387,-115.26076,66
2023-07-29,35.28259,-115.27324,66
2023-07-29,35.28913,-115.24873,66
2023-07-29,35.28847,-115.25513,66
2023-07-29,35.28782,-115.26147,66
2023-07-29,35.28657,-115.27355,66
2023-07-29,35.29307,-115.24947,66
2023-07-29,35.29241,-115.25594,66
2023-07-29,35.29175,-115.2623,66
2023-07-29,35.29115,-115.26806,66
2023-07-29,35.29635,-115.25665,66
2023-07-29,35.29568,-115.26306,66
2023-07-29,35.30034,-115.25689,66
2023-07-29,39.29434,-121.64373,66
2023-07-29,39.29764,-121.64454,66
2023-07-30,37.88189,-118.91243,66
2023-07-30,37.88118,-118.90589,66
2023-07-30,37.87793,-118.91305,66
2023-07-30,37.87724,-118.90656,66
2023-07-30,37.87399,-118.91369,66
2023-07-30,37.8733,-118.90727,66
2023-07-30,38.0162,-122.11249,66
2023-07-30,37.88586,-121.18787,66
2023-07-30,37.45446,-121.93163,66
2023-07-30,35.36356,-115.16793,66
2023-07-30,35.36086,-115.17297,66
2023-07-30,35.36023,-115.16864,90
2023-07-30,35.3596,-115.16435,66
2023-07-30,35.35898,-115.16006,66
2023-07-30,35.35836,-115.15578,66
2023-07-30,35.35774,-115.15154,66
2023-07-30,35.36275,-115.18599,66
2023-07-30,35.36149,-115.1773,66
2023-07-30,35.35941,-115.18665,66
2023-07-30,35.35878,-115.18234,66
2023-07-30,35.35815,-115.17802,66
2023-07-30,35.35752,-115.17371,66
2023-07-30,35.35628,-115.16509,66
2023-07-30,35.35565,-115.1608,66
2023-07-30,35.35503,-115.15651,66
2023-07-30,35.3569,-115.1694,66
2023-07-30,35.3544,-115.15225,66
2023-07-30,35.35607,-115.18733,66
2023-07-30,35.35544,-115.18303,66
2023-07-30,35.35046,-115.14873,66
2023-07-30,35.34984,-115.14446,66
2023-07-30,35.34922,-115.14021,66
2023-07-30,35.3486,-115.13596,66
2023-07-30,35.34798,-115.13166,66
2023-07-30,35.34735,-115.12739,66
2023-07-30,35.3567,-115.19169,66
2023-07-30,35.35419,-115.17443,66
2023-07-30,35.35357,-115.17013,66
2023-07-30,35.35294,-115.16582,66
2023-07-30,35.35232,-115.16154,66
2023-07-30,35.3517,-115.15723,66
2023-07-30,35.35108,-115.15296,66
2023-07-30,35.35336,-115.19237,66
2023-07-30,35.35086,-115.17517,66
2023-07-30,35.35024,-115.17087,66
2023-07-30,35.34774,-115.15369,66
2023-07-30,35.34713,-115.14945,66
2023-07-30,35.34651,-115.14519,66
2023-07-30,35.34589,-115.14092,66
2023-07-30,35.34527,-115.13665,66
2023-07-30,35.34465,-115.13239,66
2023-07-30,35.34402,-115.12811,66
2023-07-30,35.3434,-115.12383,66
2023-07-30,35.34278,-115.11956,66
2023-07-30,35.34216,-115.11529,66
2023-07-30,35.34153,-115.11099,66
2023-07-30,35.34961,-115.16656,66
2023-07-30,35.34899,-115.16228,66
2023-07-30,35.34837,-115.15799,66
2023-07-30,35.33883,-115.11598,66
2023-07-30,35.3382,-115.11169,66
2023-07-30,35.33758,-115.10741,66
2023-07-30,35.33695,-115.10313,66
2023-07-30,35.34691,-115.17161,66
2023-07-30,35.33549,-115.11669,66
2023-07-30,35.33424,-115.10812,66
2023-07-30,35.33362,-115.10384,66
2023-07-30,35.34795,-115.20251,66
2023-07-30,35.33487,-115.11239,66
2023-07-30,35.34588,-115.21198,66
2023-07-30,35.33403,-115.13026,66
2023-07-30,35.33341,-115.12597,66
2023-07-30,35.33279,-115.12169,66
2023-07-30,35.33216,-115.11739,66
2023-07-30,35.33154,-115.11308,90
2023-07-30,35.33092,-115.10883,66
2023-07-30,35.34525,-115.20761,66
2023-07-30,35.34462,-115.20322,66
2023-07-30,35.3307,-115.13095,66
2023-07-30,35.32821,-115.11379,66
2023-07-30,35.33008,-115.12668,66
2023-07-30,35.32946,-115.1224,66
2023-07-30,35.32883,-115.1181,66
2023-07-30,35.32758,-115.10952,66
2023-07-30,35.32488,-115.1145,66
2023-07-30,35.32425,-115.11023,66
2023-07-30,35.34046,-115.22205,66
2023-07-30,35.32613,-115.12311,66
2023-07-30,35.3255,-115.1188,66
2023-07-30,35.32363,-115.10596,66
2023-07-30,35.33839,-115.23154,66
2023-07-30,35.33712,-115.22274,66
2023-07-30,35.33568,-115.2366,66
2023-07-30,35.33505,-115.23223,66
2023-07-30,35.33631,-115.24096,66
2023-07-30,35.33422,-115.25039,66
2023-07-30,35.31073,-115.13534,66
2023-07-30,35.3101,-115.13105,66
2023-07-30,35.30948,-115.12676,66
2023-07-30,35.32817,-115.25613,66
2023-07-30,35.32545,-115.26122,66
2023-07-30,35.30677,-115.13178,66
2023-07-30,35.3074,-115.13608,66
2023-07-30,35.32274,-115.26629,66
2023-07-30,35.30345,-115.13252,66
2023-07-30,35.30282,-115.12823,66
2023-07-30,35.32211,-115.26192,66
2023-07-30,35.32002,-115.27134,66
2023-07-30,35.3194,-115.26698,66
2023-07-30,35.31667,-115.272,66
2023-07-30,35.30051,-115.15972,66
2023-07-30,35.29865,-115.14685,66
2023-07-30,35.29346,-115.13471,66
2023-07-30,35.29718,-115.16046,66
2023-07-30,35.2947,-115.14329,66
2023-07-30,35.29284,-115.13043,66
2023-07-30,35.30935,-115.2689,66
2023-07-30,35.29013,-115.13544,66
2023-07-30,35.28951,-115.13116,66
2023-07-30,35.28889,-115.12688,66
2023-07-30,35.28494,-115.12331,66
2023-07-30,35.30392,-115.27908,66
2023-07-30,35.30329,-115.27459,66
2023-07-30,35.28162,-115.12405,66
2023-07-30,35.30203,-115.26577,66
2023-07-30,35.29029,-115.1841,66
2023-07-30,35.30182,-115.28846,66
2023-07-30,35.3012,-115.28413,66
2023-07-30,35.28696,-115.18483,66
2023-07-30,35.28634,-115.18054,66
2023-07-30,35.30058,-115.27979,66
2023-07-30,35.29869,-115.26643,66
2023-07-30,35.29806,-115.26204,66
2023-07-30,35.28572,-115.17625,66
2023-07-30,35.3003,-115.28667,66
2023-07-30,35.28461,-115.17885,66
2023-07-30,35.28399,-115.17455,66
2023-07-30,35.30093,-115.29099,66
2023-07-30,35.29968,-115.28233,66
2023-07-30,35.29646,-115.26028,66
2023-07-30,35.28524,-115.18314,66
2023-07-30,35.28085,-115.15312,66
2023-07-30,35.28022,-115.14883,66
2023-07-30,35.29758,-115.29164,66
2023-07-30,35.28316,-115.19247,66
2023-07-30,35.28253,-115.18816,66
2023-07-30,35.28191,-115.18388,66
2023-07-30,35.28003,-115.17101,66
2023-07-30,35.2794,-115.16672,66
2023-07-30,35.27877,-115.16243,66
2023-07-30,35.27565,-115.14101,66
2023-07-30,35.29695,-115.28729,66
2023-07-30,35.28128,-115.17958,66
2023-07-30,35.28065,-115.17529,66
2023-07-30,35.27815,-115.15815,66
2023-07-30,35.29423,-115.29225,66
2023-07-30,35.28107,-115.20177,66
2023-07-30,35.29359,-115.28791,66
2023-07-30,35.29107,-115.27051,66
2023-07-30,35.28045,-115.19749,66
2023-07-30,35.27419,-115.15459,66
2023-07-30,35.29087,-115.29287,66
2023-07-30,35.27462,-115.18105,66
2023-07-30,35.27274,-115.16817,66
2023-07-30,35.29024,-115.28851,66
2023-07-30,35.28836,-115.27555,66
2023-07-30,35.27399,-115.17674,66
2023-07-30,35.27212,-115.16389,66
2023-07-30,35.28751,-115.29346,66
2023-07-30,35.28625,-115.28477,66
2023-07-30,35.27066,-115.17748,66
2023-07-30,35.28688,-115.2891,66
2023-07-30,35.27129,-115.18176,66
2023-07-30,35.27003,-115.17319,66
2023-07-30,35.26879,-115.16461,66
2023-07-30,35.26733,-115.17821,66
2023-07-30,35.26671,-115.17391,66
2023-07-30,35.28289,-115.28533,66
2023-07-30,35.27953,-115.2859,66
2023-07-30,35.27619,-115.2866,66
2023-07-30,35.26503,-115.20965,66
2023-07-30,35.26441,-115.20538,66
2023-07-30,35.2617,-115.21037,66
2023-07-30,35.26294,-115.21894,66
2023-07-30,35.26233,-115.21466,66
2023-07-30,35.26108,-115.20609,66
2023-07-30,35.25921,-115.19323,66
2023-07-30,35.25858,-115.18894,66
2023-07-30,35.25899,-115.21537,66
2023-07-30,35.25712,-115.20253,66
2023-07-30,35.25379,-115.20325,66
2023-07-30,35.25317,-115.19897,66
2023-07-30,35.17948,-115.18844,66
2023-07-30,35.18009,-115.19271,66
2023-07-30,35.17746,-115.18782,66
2023-07-30,35.17871,-115.19639,66
2023-07-30,35.17809,-115.19209,66
2023-07-30,35.17268,-115.2021,66
2023-07-30,35.17143,-115.19353,66
2023-07-30,35.1708,-115.18925,66
2023-07-30,35.16935,-115.2028,66
2023-07-30,35.16872,-115.19853,66
2023-07-30,35.16747,-115.18998,66
2023-07-30,35.16539,-115.19926,66
2023-07-30,35.16081,-115.19141,66
2023-07-30,35.16704,-115.23421,66
2023-07-30,35.16642,-115.22991,66
2023-07-30,35.16516,-115.22131,66
2023-07-30,35.16143,-115.19569,66
2023-07-30,35.16246,-115.22633,66
2023-07-30,35.16183,-115.22202,66
2023-07-30,35.16121,-115.21771,66
2023-07-30,35.16371,-115.23492,66
2023-07-30,35.15748,-115.19214,66
2023-07-30,35.15624,-115.1836,66
2023-07-30,35.15787,-115.21844,66
2023-07-30,35.15353,-115.18858,66
2023-07-30,35.1529,-115.18433,66
2023-07-30,35.15228,-115.18003,66
2023-07-30,35.161,-115.23992,66
2023-07-30,35.15725,-115.21413,66
2023-07-30,35.15663,-115.20988,66
2023-07-30,35.15601,-115.20567,66
2023-07-30,35.15477,-115.19712,66
2023-07-30,35.15415,-115.19286,66
2023-07-30,35.15517,-115.22347,66
2023-07-30,35.15392,-115.21487,66
2023-07-30,35.15269,-115.20638,66
2023-07-30,35.15207,-115.20213,66
2023-07-30,35.15144,-115.19786,66
2023-07-30,35.15082,-115.19359,66
2023-07-30,35.1558,-115.22779,66
2023-07-30,35.1533,-115.21061,66
2023-07-30,35.14957,-115.18504,66
2023-07-30,35.15122,-115.21991,66
2023-07-30,35.15059,-115.21564,66
2023-07-30,35.14997,-115.21136,90
2023-07-30,35.14935,-115.20711,66
2023-07-30,35.14874,-115.20285,66
2023-07-30,35.14811,-115.19859,66
2023-07-30,35.14749,-115.19431,66
2023-07-30,35.14687,-115.19003,66
2023-07-30,35.14624,-115.18576,90
2023-07-30,35.14562,-115.18148,66
2023-07-30,35.145,-115.17721,66
2023-07-30,35.15558,-115.24992,66
2023-07-30,35.15247,-115.22852,66
2023-07-30,35.15184,-115.22421,66
2023-07-30,35.15224,-115.25066,66
2023-07-30,35.15162,-115.24638,66
2023-07-30,35.151,-115.24208,66
2023-07-30,35.15038,-115.2378,66
2023-07-30,35.14976,-115.23353,90
2023-07-30,35.14913,-115.22924,66
2023-07-30,35.14851,-115.22496,66
2023-07-30,35.14602,-115.20785,66
2023-07-30,35.1454,-115.20358,90
2023-07-30,35.14478,-115.1993,90
2023-07-30,35.14416,-115.19503,90
2023-07-30,35.14354,-115.19076,90
2023-07-30,35.14291,-115.18647,90
2023-07-30,35.14229,-115.18221,90
2023-07-30,35.14167,-115.17793,66
2023-07-30,35.14643,-115.23425,66
2023-07-30,35.14581,-115.22998,90
2023-07-30,35.14518,-115.22569,66
2023-07-30,35.14456,-115.22141,66
2023-07-30,34.60817,-117.33738,66
2023-07-30,34.60944,-117.33899,66
2023-07-30,34.4328,-118.64594,66
2023-07-30,34.334,-118.51925,66
2023-07-30,34.32164,-118.51082,66
2023-07-30,34.3203,-118.51244,66
2023-07-30,34.14293,-117.42718,66
2023-07-30,34.29361,-118.79986,66
2023-07-30,34.24394,-118.38165,66
2023-07-30,34.15446,-118.19171,66
2023-07-30,34.04178,-117.82204,66
2023-07-30,34.036,-118.10796,66
2023-07-30,33.87735,-116.99747,66
2023-07-30,33.79309,-117.47596,66
2023-07-30,33.85236,-118.33247,66
2023-07-30,33.71559,-117.71397,66
2023-07-30,33.47193,-116.65565,66
2023-07-30,33.46908,-116.66048,66
2023-07-30,33.46849,-116.65619,66
2023-07-30,33.61477,-117.82365,66
2023-07-30,32.85863,-117.14658,66
2023-07-30,32.8572,-117.14941,66
2023-07-30,32.59742,-117.01171,66
2023-07-30,38.01783,-122.11449,66
2023-07-30,33.46463,-116.65463,66
2023-07-30,35.45384,-120.33952,66
2023-07-30,37.87325,-118.90413,66
2023-07-30,37.87659,-118.90501,66
2023-07-30,37.87582,-118.90956,66
2023-07-30,37.87993,-118.90591,66
2023-07-30,38.54625,-121.46054,66
2023-07-30,38.96667,-122.07044,66
2023-07-31,37.45422,-121.93606,66
2023-07-31,36.02805,-119.33086,66
2023-07-31,35.39669,-115.20756,66
2023-07-31,35.39698,-115.20487,66
2023-07-31,35.37161,-115.19879,66
2023-07-31,35.30911,-115.31259,66
2023-07-31,35.30503,-115.31307,66
2023-07-31,34.61027,-117.33605,66
2023-07-31,34.60575,-117.33683,66
2023-07-31,34.33604,-118.52354,66
2023-07-31,34.29155,-118.80331,66
2023-07-31,34.15584,-118.19506,66
2023-07-31,33.85434,-118.33228,66
2023-07-31,33.77906,-118.2374,66
2023-07-31,33.71619,-117.71291,66
2023-07-31,33.77881,-118.23732,66
2023-07-31,33.71721,-117.71315,66
2023-07-31,33.61518,-117.82419,66
2023-07-31,32.85622,-117.14705,66
2023-07-31,32.59979,-117.01492,66
2023-07-31,32.599,-117.01129,66
2023-07-31,38.07141,-122.13995,66
2023-07-31,38.01466,-122.11411,66
2023-07-31,34.60874,-117.33484,66
2023-07-31,35.30374,-115.3106,66
2023-07-31,38.72943,-121.7802,66
2023-07-31,39.01437,-121.82919,66
2023-07-31,39.07059,-121.60698,66
2023-07-31,39.01707,-121.83076,66
2023-07-31,39.43871,-122.00993,66
2023-07-31,39.43727,-122.01595,66
2023-07-31,39.83622,-121.98947,66
2023-07-31,38.64928,-122.87174,66
2023-07-31,39.0149,-121.83089,66
2023-07-31,39.01572,-121.83304,66
2023-07-31,39.43939,-122.01036,66
2023-07-31,39.83679,-121.99016,90
2023-07-31,39.83786,-121.98871,90
